model,task,mse,rmse,mae
LinearRegression,ALL,124.38987463861974,11.153020875019456,8.255431463541461
LinearRegression,MBC_CheongJu_LTE_2.1G.csv,92.99164877916266,9.64321776064207,7.332492397555577
LinearRegression,Broad_CheongJu_LTE_2.1G.csv,94.0511778788926,9.697998653273396,7.395861680983733
LinearRegression,MBC_DaeJeon_LTE_2.1G.csv,94.52657993122418,9.722478075636076,7.1991913456459855
LinearRegression,KBS_DaeJeon_LTE_2.1G.csv,87.26179415901908,9.341402151658983,6.886371050521889
LinearRegression,CMB_DaeJeon_LTE_2.1G.csv,101.16539294506593,10.058100861746512,7.201797126064579
LinearRegression,MBC_ChungJu_LTE_2.1G.csv,150.33701199852572,12.261199451869533,8.844567594781273
LinearRegression,KBS_ChungJu_LTE_2.1G.csv,140.43583542694387,11.85056266288415,8.558089830443949
LinearRegression,KBS_main_LTE_2.1G.csv,94.75381591191383,9.734157175221378,7.283694850459291
LinearRegression,SBS_LTE_2.1G.csv,88.39697899970528,9.401966762316556,7.152638324823507
LinearRegression,MBC_sa_LTE_2.1G.csv,118.0212904071166,10.863760417420691,8.153016368958829
LinearRegression,KBS_KangNeung_LTE_2.1G.csv,170.94931719271045,13.074758781434955,10.130751213781927
LinearRegression,MBC_KangNeung_LTE_2.1G.csv,153.84005144584657,12.403227460860604,9.89585287643537
LinearRegression,TBN_DaeGu_LTE_2.1G.csv,137.1246191120442,11.710022165309688,8.218875129950158
LinearRegression,TBC_DaeGu_LTE_2.1G.csv,134.7179110695088,11.6068045158652,8.306750911086187
LinearRegression,JeonJu_Radio_LTE_2.1G.csv,119.0864997144284,10.912676102332938,8.11930914249552
LinearRegression,KBS_JeonJu_LTE_2.1G.csv,114.34011331920341,10.692993655623452,8.129491476107434
LinearRegression,KBS_MokPo_LTE_2.1G.csv,118.18568813134118,10.871324120425312,8.834443767359168
LinearRegression,KBS_SunCheon_LTE_2.1G.csv,251.93492101118804,15.872457938554698,11.752756773509901
LinearRegression,KBS_GwangJu_LTE_2.1G.csv,101.2869706999342,10.064142819929286,7.45724594632346
SVR,ALL,98.26623575702163,9.91293275257235,6.46519213698384
SVR,MBC_CheongJu_LTE_2.1G.csv,57.99263057994577,7.615289264364537,5.166294072087967
SVR,Broad_CheongJu_LTE_2.1G.csv,70.90248920721449,8.420361584113504,5.804145143148483
SVR,MBC_DaeJeon_LTE_2.1G.csv,87.45839030536706,9.351919070723776,6.474461542179857
SVR,KBS_DaeJeon_LTE_2.1G.csv,68.93342390434823,8.30261548575798,5.657632886076929
SVR,CMB_DaeJeon_LTE_2.1G.csv,71.58803283913734,8.460971152245902,5.530350943131801
SVR,MBC_ChungJu_LTE_2.1G.csv,148.31629278665613,12.178517676082592,7.920680045314719
SVR,KBS_ChungJu_LTE_2.1G.csv,135.7681847072359,11.651960552080318,7.705202759333045
SVR,KBS_main_LTE_2.1G.csv,47.44742098243808,6.8882088370227335,4.7560336700285655
SVR,SBS_LTE_2.1G.csv,46.679196716330026,6.832217554815569,4.654022803606062
SVR,MBC_sa_LTE_2.1G.csv,96.66339978805753,9.8317546647614,6.616594029975598
SVR,KBS_KangNeung_LTE_2.1G.csv,123.13361410602587,11.096558660504881,7.20915618150254
SVR,MBC_KangNeung_LTE_2.1G.csv,89.28204556449047,9.448917692756693,5.726241549906897
SVR,TBN_DaeGu_LTE_2.1G.csv,118.67727070174524,10.893909798678584,6.769197563541944
SVR,TBC_DaeGu_LTE_2.1G.csv,126.01488882831667,11.225635341855563,7.05106121697884
SVR,JeonJu_Radio_LTE_2.1G.csv,100.8812296269745,10.043964836008463,6.80847354046472
SVR,KBS_JeonJu_LTE_2.1G.csv,88.67863424824077,9.41693337813541,6.555764864840346
SVR,KBS_MokPo_LTE_2.1G.csv,62.28030794025459,7.89178737297544,5.9689082018814394
SVR,KBS_SunCheon_LTE_2.1G.csv,264.4350108103148,16.261457831643348,11.334415119300404
SVR,KBS_GwangJu_LTE_2.1G.csv,61.92601574031764,7.869308466461182,5.1300144693927825
RandomForest,ALL,75.29974858082898,8.677542773206536,6.167140850584997
RandomForest,MBC_CheongJu_LTE_2.1G.csv,64.35945332082932,8.022434376224545,6.103369644336998
RandomForest,Broad_CheongJu_LTE_2.1G.csv,71.4350831699564,8.451927778321133,6.423338519097822
RandomForest,MBC_DaeJeon_LTE_2.1G.csv,71.09843100800069,8.431988555969504,6.311706718733421
RandomForest,KBS_DaeJeon_LTE_2.1G.csv,62.51770233123639,7.906813664886532,5.893849731483652
RandomForest,CMB_DaeJeon_LTE_2.1G.csv,67.08767643977785,8.190706711864236,5.9880944185641365
RandomForest,MBC_ChungJu_LTE_2.1G.csv,92.16982285726654,9.600511593517636,6.96630180818379
RandomForest,KBS_ChungJu_LTE_2.1G.csv,87.04268900031545,9.329667143061185,6.795275490325985
RandomForest,KBS_main_LTE_2.1G.csv,48.90641489897856,6.993312155122103,5.07431710973696
RandomForest,SBS_LTE_2.1G.csv,45.10914008284003,6.716333827531209,4.825142943054788
RandomForest,MBC_sa_LTE_2.1G.csv,85.49236117361889,9.246207934803266,6.62844346688936
RandomForest,KBS_KangNeung_LTE_2.1G.csv,67.85279687254452,8.237280914995221,4.943696318232575
RandomForest,MBC_KangNeung_LTE_2.1G.csv,49.81525618130298,7.057992361947056,3.9861326683979836
RandomForest,TBN_DaeGu_LTE_2.1G.csv,88.61203598704871,9.413396623273064,6.831468666017771
RandomForest,TBC_DaeGu_LTE_2.1G.csv,85.49819522197893,9.24652341271999,6.678012901125775
RandomForest,JeonJu_Radio_LTE_2.1G.csv,77.17164139828628,8.78473911953487,6.287142752507884
RandomForest,KBS_JeonJu_LTE_2.1G.csv,70.81049198731264,8.414897027730799,6.030327647306689
RandomForest,KBS_MokPo_LTE_2.1G.csv,62.26577916454771,7.890866819592618,5.924902545946056
RandomForest,KBS_SunCheon_LTE_2.1G.csv,167.6391158715388,12.947552505069782,9.3920342308671
RandomForest,KBS_GwangJu_LTE_2.1G.csv,65.81113606836969,8.112406305675874,6.09211858030623
MLP_joint,ALL,82.26512392177966,9.070012344080887,6.549811174092868
MLP_joint,MBC_CheongJu_LTE_2.1G.csv,59.634132019460615,7.722313903193823,6.045050508595858
MLP_joint,Broad_CheongJu_LTE_2.1G.csv,67.273297554718,8.202030087406287,6.419169808520841
MLP_joint,MBC_DaeJeon_LTE_2.1G.csv,78.24199145283737,8.845450325044926,6.897842860894548
MLP_joint,KBS_DaeJeon_LTE_2.1G.csv,65.52526001301683,8.09476744650622,6.2891425787245465
MLP_joint,CMB_DaeJeon_LTE_2.1G.csv,65.50185223095859,8.09332145852113,6.137797090716643
MLP_joint,MBC_ChungJu_LTE_2.1G.csv,115.20150412131771,10.733196360885126,7.806263361651223
MLP_joint,KBS_ChungJu_LTE_2.1G.csv,105.20330299602782,10.256866139129817,7.566483589780429
MLP_joint,KBS_main_LTE_2.1G.csv,46.48476644854308,6.817973778810173,5.050083162076694
MLP_joint,SBS_LTE_2.1G.csv,44.30853108403538,6.656465359636102,4.916013464305972
MLP_joint,MBC_sa_LTE_2.1G.csv,86.4154464846666,9.295990882346358,6.824540633991809
MLP_joint,KBS_KangNeung_LTE_2.1G.csv,92.28588276234167,9.606554156529889,6.353465960541653
MLP_joint,MBC_KangNeung_LTE_2.1G.csv,64.10173698365735,8.006356036528562,5.080913061854692
MLP_joint,TBN_DaeGu_LTE_2.1G.csv,96.95501677418356,9.846573859682543,6.9050989812927135
MLP_joint,TBC_DaeGu_LTE_2.1G.csv,97.52857198944018,9.8756555220117,6.962763667793821
MLP_joint,JeonJu_Radio_LTE_2.1G.csv,77.95702970915539,8.829327817515635,6.445226669899384
MLP_joint,KBS_JeonJu_LTE_2.1G.csv,70.846009552778,8.417007161264507,6.2413638554728665
MLP_joint,KBS_MokPo_LTE_2.1G.csv,59.72688320945668,7.728316971337076,6.0823281305678965
MLP_joint,KBS_SunCheon_LTE_2.1G.csv,211.46118875520784,14.541705152945712,10.644731494646392
MLP_joint,KBS_GwangJu_LTE_2.1G.csv,58.384950372010614,7.6410045394575326,5.778133426436518
