method,stage,stage_task,eval_task,mse,rmse,mae,freq_band
Naive,0,MBC_CheongJu_LTE_2.1G.csv,MBC_CheongJu_LTE_2.1G.csv,53.54145526885986,7.317202694258228,5.155258297920227,LTE_2.1G
Naive,1,Broad_CheongJu_LTE_2.1G.csv,MBC_CheongJu_LTE_2.1G.csv,56.86038875579834,7.540582786217412,5.658217430114746,LTE_2.1G
Naive,1,Broad_CheongJu_LTE_2.1G.csv,Broad_CheongJu_LTE_2.1G.csv,62.50408172607422,7.9059522972298675,5.869208772977193,LTE_2.1G
Naive,2,MBC_DaeJeon_LTE_2.1G.csv,MBC_CheongJu_LTE_2.1G.csv,72.13654104868571,8.493323321803175,6.650588949521382,LTE_2.1G
Naive,2,MBC_DaeJeon_LTE_2.1G.csv,Broad_CheongJu_LTE_2.1G.csv,67.41610129674275,8.210730862520263,6.385650237401326,LTE_2.1G
Naive,2,MBC_DaeJeon_LTE_2.1G.csv,MBC_DaeJeon_LTE_2.1G.csv,70.73547077178955,8.410438203315541,6.490419467290242,LTE_2.1G
Naive,3,KBS_DaeJeon_LTE_2.1G.csv,MBC_CheongJu_LTE_2.1G.csv,65.32672023773193,8.082494679103224,6.0333324273427325,LTE_2.1G
Naive,3,KBS_DaeJeon_LTE_2.1G.csv,Broad_CheongJu_LTE_2.1G.csv,64.9701657295227,8.060407293029472,5.971917510032654,LTE_2.1G
Naive,3,KBS_DaeJeon_LTE_2.1G.csv,MBC_DaeJeon_LTE_2.1G.csv,72.69291337331136,8.526013920544075,6.357806086540222,LTE_2.1G
Naive,3,KBS_DaeJeon_LTE_2.1G.csv,KBS_DaeJeon_LTE_2.1G.csv,54.24197371800741,7.364915051649096,5.3716632922490435,LTE_2.1G
Naive,4,CMB_DaeJeon_LTE_2.1G.csv,MBC_CheongJu_LTE_2.1G.csv,61.975796381632485,7.872470792682084,5.921582341194153,LTE_2.1G
Naive,4,CMB_DaeJeon_LTE_2.1G.csv,Broad_CheongJu_LTE_2.1G.csv,63.70905192693075,7.981795031628584,5.974395016829173,LTE_2.1G
Naive,4,CMB_DaeJeon_LTE_2.1G.csv,MBC_DaeJeon_LTE_2.1G.csv,77.61020882924397,8.809665647982559,6.631253361701965,LTE_2.1G
Naive,4,CMB_DaeJeon_LTE_2.1G.csv,KBS_DaeJeon_LTE_2.1G.csv,56.21097262700399,7.497397723677462,5.512916425863902,LTE_2.1G
Naive,4,CMB_DaeJeon_LTE_2.1G.csv,CMB_DaeJeon_LTE_2.1G.csv,63.49367300669352,7.968291724497385,5.757478356361389,LTE_2.1G
Naive,5,MBC_ChungJu_LTE_2.1G.csv,MBC_CheongJu_LTE_2.1G.csv,89.26011339823405,9.447757056478222,7.871624668439229,LTE_2.1G
Naive,5,MBC_ChungJu_LTE_2.1G.csv,Broad_CheongJu_LTE_2.1G.csv,80.94507884979248,8.996948307609223,7.425216197967529,LTE_2.1G
Naive,5,MBC_ChungJu_LTE_2.1G.csv,MBC_DaeJeon_LTE_2.1G.csv,75.3798656463623,8.682157891121442,7.054729541142781,LTE_2.1G
Naive,5,MBC_ChungJu_LTE_2.1G.csv,KBS_DaeJeon_LTE_2.1G.csv,64.94663016001384,8.05894721164085,6.491917093594869,LTE_2.1G
Naive,5,MBC_ChungJu_LTE_2.1G.csv,CMB_DaeJeon_LTE_2.1G.csv,77.64814376831055,8.811818414397255,7.013778328895569,LTE_2.1G
Naive,5,MBC_ChungJu_LTE_2.1G.csv,MBC_ChungJu_LTE_2.1G.csv,101.63989194234212,10.081661169784576,7.822626034418742,LTE_2.1G
Naive,6,KBS_ChungJu_LTE_2.1G.csv,MBC_CheongJu_LTE_2.1G.csv,97.54175249735515,9.876322822657993,8.176636179288229,LTE_2.1G
Naive,6,KBS_ChungJu_LTE_2.1G.csv,Broad_CheongJu_LTE_2.1G.csv,85.32977708180745,9.237411817268269,7.573041081428528,LTE_2.1G
Naive,6,KBS_ChungJu_LTE_2.1G.csv,MBC_DaeJeon_LTE_2.1G.csv,78.46974563598633,8.85831505626134,7.13801383972168,LTE_2.1G
Naive,6,KBS_ChungJu_LTE_2.1G.csv,KBS_DaeJeon_LTE_2.1G.csv,68.63824621836345,8.28482022848797,6.596867958704631,LTE_2.1G
Naive,6,KBS_ChungJu_LTE_2.1G.csv,CMB_DaeJeon_LTE_2.1G.csv,81.9393482208252,9.052035584376876,7.152790188789368,LTE_2.1G
Naive,6,KBS_ChungJu_LTE_2.1G.csv,MBC_ChungJu_LTE_2.1G.csv,101.6863301595052,10.08396401022461,7.750594576199849,LTE_2.1G
Naive,6,KBS_ChungJu_LTE_2.1G.csv,KBS_ChungJu_LTE_2.1G.csv,113.38780148824056,10.648370837280252,7.734372774759929,LTE_2.1G
Naive,7,KBS_main_LTE_2.1G.csv,MBC_CheongJu_LTE_2.1G.csv,55.875471909840904,7.474989759848564,5.664983590443929,LTE_2.1G
Naive,7,KBS_main_LTE_2.1G.csv,Broad_CheongJu_LTE_2.1G.csv,70.32689825693767,8.386113417843672,6.366192261377971,LTE_2.1G
Naive,7,KBS_main_LTE_2.1G.csv,MBC_DaeJeon_LTE_2.1G.csv,91.55349795023601,9.56835920888404,7.3620673815409345,LTE_2.1G
Naive,7,KBS_main_LTE_2.1G.csv,KBS_DaeJeon_LTE_2.1G.csv,67.97002744674683,8.244393697946917,6.278345386187236,LTE_2.1G
Naive,7,KBS_main_LTE_2.1G.csv,CMB_DaeJeon_LTE_2.1G.csv,74.41076119740804,8.62616723680964,6.323854287465413,LTE_2.1G
Naive,7,KBS_main_LTE_2.1G.csv,MBC_ChungJu_LTE_2.1G.csv,134.85162671407065,11.612563313673284,8.266655405362448,LTE_2.1G
Naive,7,KBS_main_LTE_2.1G.csv,KBS_ChungJu_LTE_2.1G.csv,153.04444058736166,12.371113150697543,8.450869798660278,LTE_2.1G
Naive,7,KBS_main_LTE_2.1G.csv,KBS_main_LTE_2.1G.csv,39.21546745300293,6.262225439330888,4.524643162886302,LTE_2.1G
Naive,8,SBS_LTE_2.1G.csv,MBC_CheongJu_LTE_2.1G.csv,55.44758892059326,7.446313780696679,5.613514264424642,LTE_2.1G
Naive,8,SBS_LTE_2.1G.csv,Broad_CheongJu_LTE_2.1G.csv,69.04432074228923,8.309291229839596,6.275370796521504,LTE_2.1G
Naive,8,SBS_LTE_2.1G.csv,MBC_DaeJeon_LTE_2.1G.csv,90.10959752400716,9.492607519749626,7.2753191391627,LTE_2.1G
Naive,8,SBS_LTE_2.1G.csv,KBS_DaeJeon_LTE_2.1G.csv,66.78038930892944,8.171926903058388,6.173836628595988,LTE_2.1G
Naive,8,SBS_LTE_2.1G.csv,CMB_DaeJeon_LTE_2.1G.csv,72.72609933217366,8.527959857561108,6.226370135943095,LTE_2.1G
Naive,8,SBS_LTE_2.1G.csv,MBC_ChungJu_LTE_2.1G.csv,134.49043655395508,11.597001187977652,8.24690314133962,LTE_2.1G
Naive,8,SBS_LTE_2.1G.csv,KBS_ChungJu_LTE_2.1G.csv,151.9939250946045,12.328581633529645,8.39894155661265,LTE_2.1G
Naive,8,SBS_LTE_2.1G.csv,KBS_main_LTE_2.1G.csv,39.97139358520508,6.322293380190852,4.5721925894419355,LTE_2.1G
Naive,8,SBS_LTE_2.1G.csv,SBS_LTE_2.1G.csv,36.892661015192665,6.073932911647335,4.343668103218079,LTE_2.1G
Naive,9,MBC_sa_LTE_2.1G.csv,MBC_CheongJu_LTE_2.1G.csv,60.27600860595703,7.7637625289518635,6.106677055358887,LTE_2.1G
Naive,9,MBC_sa_LTE_2.1G.csv,Broad_CheongJu_LTE_2.1G.csv,66.74653720855713,8.169855397040827,6.336329857508342,LTE_2.1G
Naive,9,MBC_sa_LTE_2.1G.csv,MBC_DaeJeon_LTE_2.1G.csv,79.91981379191081,8.939788240887522,7.046450813611348,LTE_2.1G
Naive,9,MBC_sa_LTE_2.1G.csv,KBS_DaeJeon_LTE_2.1G.csv,63.18684927622477,7.949015616805943,6.2460416952768965,LTE_2.1G
Naive,9,MBC_sa_LTE_2.1G.csv,CMB_DaeJeon_LTE_2.1G.csv,69.2949727376302,8.32436019989706,6.380628347396851,LTE_2.1G
Naive,9,MBC_sa_LTE_2.1G.csv,MBC_ChungJu_LTE_2.1G.csv,122.6244551340739,11.073592693163041,8.142690817515055,LTE_2.1G
Naive,9,MBC_sa_LTE_2.1G.csv,KBS_ChungJu_LTE_2.1G.csv,140.81764793395996,11.866661195718025,8.326853315035502,LTE_2.1G
Naive,9,MBC_sa_LTE_2.1G.csv,KBS_main_LTE_2.1G.csv,45.406570752461754,6.738439786216224,5.012263139088948,LTE_2.1G
Naive,9,MBC_sa_LTE_2.1G.csv,SBS_LTE_2.1G.csv,41.67989309628805,6.455996677220957,4.7896719972292585,LTE_2.1G
Naive,9,MBC_sa_LTE_2.1G.csv,MBC_sa_LTE_2.1G.csv,79.36361090342204,8.908625646160132,6.477096438407898,LTE_2.1G
Naive,10,KBS_KangNeung_LTE_2.1G.csv,MBC_CheongJu_LTE_2.1G.csv,92.38204256693523,9.611557759642047,8.148777763048807,LTE_2.1G
Naive,10,KBS_KangNeung_LTE_2.1G.csv,Broad_CheongJu_LTE_2.1G.csv,91.0566775004069,9.542362259965135,7.889686663945516,LTE_2.1G
Naive,10,KBS_KangNeung_LTE_2.1G.csv,MBC_DaeJeon_LTE_2.1G.csv,92.0546023050944,9.59450896633561,7.934459249178569,LTE_2.1G
Naive,10,KBS_KangNeung_LTE_2.1G.csv,KBS_DaeJeon_LTE_2.1G.csv,81.29647382100423,9.016455723897513,7.517103552818298,LTE_2.1G
Naive,10,KBS_KangNeung_LTE_2.1G.csv,CMB_DaeJeon_LTE_2.1G.csv,88.48095067342122,9.406431346340716,7.629625519116719,LTE_2.1G
Naive,10,KBS_KangNeung_LTE_2.1G.csv,MBC_ChungJu_LTE_2.1G.csv,113.18889204661052,10.639026837385575,8.400955398877462,LTE_2.1G
Naive,10,KBS_KangNeung_LTE_2.1G.csv,KBS_ChungJu_LTE_2.1G.csv,120.73384221394856,10.98789525859928,8.556745727856955,LTE_2.1G
Naive,10,KBS_KangNeung_LTE_2.1G.csv,KBS_main_LTE_2.1G.csv,75.38460477193196,8.682430810086077,7.128693421681722,LTE_2.1G
Naive,10,KBS_KangNeung_LTE_2.1G.csv,SBS_LTE_2.1G.csv,75.74016284942627,8.702882444881482,7.064665953318278,LTE_2.1G
Naive,10,KBS_KangNeung_LTE_2.1G.csv,MBC_sa_LTE_2.1G.csv,107.2314001719157,10.355259541504292,8.292187770207724,LTE_2.1G
Naive,10,KBS_KangNeung_LTE_2.1G.csv,KBS_KangNeung_LTE_2.1G.csv,74.8488057454427,8.651520429695736,5.920655250549316,LTE_2.1G
Naive,11,MBC_KangNeung_LTE_2.1G.csv,MBC_CheongJu_LTE_2.1G.csv,78.55713144938152,8.863246101140458,7.261935869852702,LTE_2.1G
Naive,11,MBC_KangNeung_LTE_2.1G.csv,Broad_CheongJu_LTE_2.1G.csv,83.32815647125244,9.128425738935078,7.386653621991475,LTE_2.1G
Naive,11,MBC_KangNeung_LTE_2.1G.csv,MBC_DaeJeon_LTE_2.1G.csv,93.78465525309245,9.684247789740432,7.812860329945882,LTE_2.1G
Naive,11,MBC_KangNeung_LTE_2.1G.csv,KBS_DaeJeon_LTE_2.1G.csv,78.51871744791667,8.86107879707187,7.152106920878093,LTE_2.1G
Naive,11,MBC_KangNeung_LTE_2.1G.csv,CMB_DaeJeon_LTE_2.1G.csv,81.5767469406128,9.03198466233268,7.078919172286987,LTE_2.1G
Naive,11,MBC_KangNeung_LTE_2.1G.csv,MBC_ChungJu_LTE_2.1G.csv,116.0961144765218,10.774790692933289,8.154927492141724,LTE_2.1G
Naive,11,MBC_KangNeung_LTE_2.1G.csv,KBS_ChungJu_LTE_2.1G.csv,124.26331520080566,11.14734565718699,8.251593152681986,LTE_2.1G
Naive,11,MBC_KangNeung_LTE_2.1G.csv,KBS_main_LTE_2.1G.csv,62.34573268890381,7.89593140097505,6.292142391204834,LTE_2.1G
Naive,11,MBC_KangNeung_LTE_2.1G.csv,SBS_LTE_2.1G.csv,63.38019069035848,7.961167671287829,6.235631585121155,LTE_2.1G
Naive,11,MBC_KangNeung_LTE_2.1G.csv,MBC_sa_LTE_2.1G.csv,99.76955477396648,9.988471092913393,7.75418484210968,LTE_2.1G
Naive,11,MBC_KangNeung_LTE_2.1G.csv,KBS_KangNeung_LTE_2.1G.csv,77.1565752029419,8.783881556745964,5.854130705197652,LTE_2.1G
Naive,11,MBC_KangNeung_LTE_2.1G.csv,MBC_KangNeung_LTE_2.1G.csv,50.957920710245766,7.138481681019134,4.494247615337372,LTE_2.1G
Naive,12,TBN_DaeGu_LTE_2.1G.csv,MBC_CheongJu_LTE_2.1G.csv,79.43697293599446,8.912742167032235,7.352566281954448,LTE_2.1G
Naive,12,TBN_DaeGu_LTE_2.1G.csv,Broad_CheongJu_LTE_2.1G.csv,83.98678811391194,9.164430594091044,7.452823321024577,LTE_2.1G
Naive,12,TBN_DaeGu_LTE_2.1G.csv,MBC_DaeJeon_LTE_2.1G.csv,95.56383577982585,9.775675719858237,7.971256693204244,LTE_2.1G
Naive,12,TBN_DaeGu_LTE_2.1G.csv,KBS_DaeJeon_LTE_2.1G.csv,77.3275785446167,8.79361009737279,7.135362982749939,LTE_2.1G
Naive,12,TBN_DaeGu_LTE_2.1G.csv,CMB_DaeJeon_LTE_2.1G.csv,83.18437194824219,9.120546691303224,7.23790168762207,LTE_2.1G
Naive,12,TBN_DaeGu_LTE_2.1G.csv,MBC_ChungJu_LTE_2.1G.csv,123.84556770324707,11.128592350483823,8.661680698394775,LTE_2.1G
Naive,12,TBN_DaeGu_LTE_2.1G.csv,KBS_ChungJu_LTE_2.1G.csv,133.31486320495605,11.546205576073728,8.729884425799051,LTE_2.1G
Naive,12,TBN_DaeGu_LTE_2.1G.csv,KBS_main_LTE_2.1G.csv,68.80931409200032,8.2951379790815,6.615010817845662,LTE_2.1G
Naive,12,TBN_DaeGu_LTE_2.1G.csv,SBS_LTE_2.1G.csv,65.03468163808186,8.064408325356663,6.497033596038818,LTE_2.1G
Naive,12,TBN_DaeGu_LTE_2.1G.csv,MBC_sa_LTE_2.1G.csv,98.92172908782959,9.9459403320063,7.876862605412801,LTE_2.1G
Naive,12,TBN_DaeGu_LTE_2.1G.csv,KBS_KangNeung_LTE_2.1G.csv,113.6602554321289,10.66115638343838,8.264978090922037,LTE_2.1G
Naive,12,TBN_DaeGu_LTE_2.1G.csv,MBC_KangNeung_LTE_2.1G.csv,90.51806418100993,9.514098180122483,7.859450499216716,LTE_2.1G
Naive,12,TBN_DaeGu_LTE_2.1G.csv,TBN_DaeGu_LTE_2.1G.csv,100.15650526682536,10.007822203997499,7.516622106234233,LTE_2.1G
Naive,13,TBC_DaeGu_LTE_2.1G.csv,MBC_CheongJu_LTE_2.1G.csv,81.12088775634766,9.006713482527777,7.501715024312337,LTE_2.1G
Naive,13,TBC_DaeGu_LTE_2.1G.csv,Broad_CheongJu_LTE_2.1G.csv,80.37975931167603,8.965475966822734,7.272725502649943,LTE_2.1G
Naive,13,TBC_DaeGu_LTE_2.1G.csv,MBC_DaeJeon_LTE_2.1G.csv,85.36671447753906,9.239410937800043,7.52364997069041,LTE_2.1G
Naive,13,TBC_DaeGu_LTE_2.1G.csv,KBS_DaeJeon_LTE_2.1G.csv,70.82961241404216,8.416033056852983,6.843865354855855,LTE_2.1G
Naive,13,TBC_DaeGu_LTE_2.1G.csv,CMB_DaeJeon_LTE_2.1G.csv,79.17962837219238,8.898293565183854,7.102410793304443,LTE_2.1G
Naive,13,TBC_DaeGu_LTE_2.1G.csv,MBC_ChungJu_LTE_2.1G.csv,112.39106686909993,10.601465317072915,8.320498983065287,LTE_2.1G
Naive,13,TBC_DaeGu_LTE_2.1G.csv,KBS_ChungJu_LTE_2.1G.csv,124.18007914225261,11.14361158432277,8.337214946746826,LTE_2.1G
Naive,13,TBC_DaeGu_LTE_2.1G.csv,KBS_main_LTE_2.1G.csv,76.75145435333252,8.760790737903315,7.026055614153544,LTE_2.1G
Naive,13,TBC_DaeGu_LTE_2.1G.csv,SBS_LTE_2.1G.csv,70.76478894551595,8.412180986255345,6.8228499094645185,LTE_2.1G
Naive,13,TBC_DaeGu_LTE_2.1G.csv,MBC_sa_LTE_2.1G.csv,95.8003028233846,9.787762912095113,7.702221393585205,LTE_2.1G
Naive,13,TBC_DaeGu_LTE_2.1G.csv,KBS_KangNeung_LTE_2.1G.csv,180.79743925730386,13.446093828964004,10.809608976046244,LTE_2.1G
Naive,13,TBC_DaeGu_LTE_2.1G.csv,MBC_KangNeung_LTE_2.1G.csv,187.31970087687174,13.68647876105727,11.59701951344808,LTE_2.1G
Naive,13,TBC_DaeGu_LTE_2.1G.csv,TBN_DaeGu_LTE_2.1G.csv,99.18986638387044,9.959410945626777,7.428062518437703,LTE_2.1G
Naive,13,TBC_DaeGu_LTE_2.1G.csv,TBC_DaeGu_LTE_2.1G.csv,97.63793500264485,9.881190970862008,7.386750936508179,LTE_2.1G
Naive,14,JeonJu_Radio_LTE_2.1G.csv,MBC_CheongJu_LTE_2.1G.csv,64.63973903656006,8.03988426760983,6.321330904960632,LTE_2.1G
Naive,14,JeonJu_Radio_LTE_2.1G.csv,Broad_CheongJu_LTE_2.1G.csv,69.00424130757649,8.306879155710433,6.5921434958775835,LTE_2.1G
Naive,14,JeonJu_Radio_LTE_2.1G.csv,MBC_DaeJeon_LTE_2.1G.csv,81.11028671264648,9.006124955420422,7.247301538785298,LTE_2.1G
Naive,14,JeonJu_Radio_LTE_2.1G.csv,KBS_DaeJeon_LTE_2.1G.csv,67.08131122589111,8.190318139479755,6.504584948221843,LTE_2.1G
Naive,14,JeonJu_Radio_LTE_2.1G.csv,CMB_DaeJeon_LTE_2.1G.csv,71.12963263193767,8.433838546707998,6.5626198053359985,LTE_2.1G
Naive,14,JeonJu_Radio_LTE_2.1G.csv,MBC_ChungJu_LTE_2.1G.csv,124.31695810953777,11.149751481963074,8.378535032272339,LTE_2.1G
Naive,14,JeonJu_Radio_LTE_2.1G.csv,KBS_ChungJu_LTE_2.1G.csv,132.9799950917562,11.531695239285341,8.378568768501282,LTE_2.1G
Naive,14,JeonJu_Radio_LTE_2.1G.csv,KBS_main_LTE_2.1G.csv,53.580404122670494,7.3198636683117595,5.690751433372498,LTE_2.1G
Naive,14,JeonJu_Radio_LTE_2.1G.csv,SBS_LTE_2.1G.csv,48.846569538116455,6.98903208878858,5.316010117530823,LTE_2.1G
Naive,14,JeonJu_Radio_LTE_2.1G.csv,MBC_sa_LTE_2.1G.csv,84.7768513361613,9.207434568660334,6.886960347493489,LTE_2.1G
Naive,14,JeonJu_Radio_LTE_2.1G.csv,KBS_KangNeung_LTE_2.1G.csv,152.29679489135742,12.340858758261414,9.959183732668558,LTE_2.1G
Naive,14,JeonJu_Radio_LTE_2.1G.csv,MBC_KangNeung_LTE_2.1G.csv,146.49377632141113,12.103461336386841,10.150091846783956,LTE_2.1G
Naive,14,JeonJu_Radio_LTE_2.1G.csv,TBN_DaeGu_LTE_2.1G.csv,109.87612660725911,10.482181385916727,7.71517272790273,LTE_2.1G
Naive,14,JeonJu_Radio_LTE_2.1G.csv,TBC_DaeGu_LTE_2.1G.csv,109.99707158406575,10.487948874020399,7.9243530829747515,LTE_2.1G
Naive,14,JeonJu_Radio_LTE_2.1G.csv,JeonJu_Radio_LTE_2.1G.csv,75.23304176330566,8.673698274859788,6.500587145487468,LTE_2.1G
Naive,15,KBS_JeonJu_LTE_2.1G.csv,MBC_CheongJu_LTE_2.1G.csv,59.453365643819176,7.710600861399789,6.006635745366414,LTE_2.1G
Naive,15,KBS_JeonJu_LTE_2.1G.csv,Broad_CheongJu_LTE_2.1G.csv,68.29374933242798,8.264003226791964,6.52655025323232,LTE_2.1G
Naive,15,KBS_JeonJu_LTE_2.1G.csv,MBC_DaeJeon_LTE_2.1G.csv,85.23280080159505,9.23216122051576,7.371801257133484,LTE_2.1G
Naive,15,KBS_JeonJu_LTE_2.1G.csv,KBS_DaeJeon_LTE_2.1G.csv,67.40902773539226,8.21030010020293,6.4764901002248125,LTE_2.1G
Naive,15,KBS_JeonJu_LTE_2.1G.csv,CMB_DaeJeon_LTE_2.1G.csv,69.87044461568196,8.35885426453183,6.455803235371907,LTE_2.1G
Naive,15,KBS_JeonJu_LTE_2.1G.csv,MBC_ChungJu_LTE_2.1G.csv,129.45467313130698,11.377814954168791,8.434576988220215,LTE_2.1G
Naive,15,KBS_JeonJu_LTE_2.1G.csv,KBS_ChungJu_LTE_2.1G.csv,138.90741348266602,11.785898925523925,8.49324373404185,LTE_2.1G
Naive,15,KBS_JeonJu_LTE_2.1G.csv,KBS_main_LTE_2.1G.csv,49.619988759358726,7.044145708271424,5.444631735483806,LTE_2.1G
Naive,15,KBS_JeonJu_LTE_2.1G.csv,SBS_LTE_2.1G.csv,44.713939905166626,6.686848278910373,5.0805408755938215,LTE_2.1G
Naive,15,KBS_JeonJu_LTE_2.1G.csv,MBC_sa_LTE_2.1G.csv,84.32468191782634,9.182847157490228,6.772157470385234,LTE_2.1G
Naive,15,KBS_JeonJu_LTE_2.1G.csv,KBS_KangNeung_LTE_2.1G.csv,160.92437235514322,12.685597043700515,10.212966243426004,LTE_2.1G
Naive,15,KBS_JeonJu_LTE_2.1G.csv,MBC_KangNeung_LTE_2.1G.csv,156.32169977823892,12.5028676621901,10.442153294881185,LTE_2.1G
Naive,15,KBS_JeonJu_LTE_2.1G.csv,TBN_DaeGu_LTE_2.1G.csv,109.00273831685384,10.440437649679913,7.581762512524922,LTE_2.1G
Naive,15,KBS_JeonJu_LTE_2.1G.csv,TBC_DaeGu_LTE_2.1G.csv,112.43139139811198,10.603366984034457,7.904154260953267,LTE_2.1G
Naive,15,KBS_JeonJu_LTE_2.1G.csv,JeonJu_Radio_LTE_2.1G.csv,77.08842690785725,8.780001532337979,6.52972428003947,LTE_2.1G
Naive,15,KBS_JeonJu_LTE_2.1G.csv,KBS_JeonJu_LTE_2.1G.csv,74.35772546132405,8.623092569451174,6.51133664449056,LTE_2.1G
Naive,16,KBS_MokPo_LTE_2.1G.csv,MBC_CheongJu_LTE_2.1G.csv,57.44555457433065,7.579284568765752,5.314221819241841,LTE_2.1G
Naive,16,KBS_MokPo_LTE_2.1G.csv,Broad_CheongJu_LTE_2.1G.csv,75.96062405904134,8.715539229390304,6.339351058006287,LTE_2.1G
Naive,16,KBS_MokPo_LTE_2.1G.csv,MBC_DaeJeon_LTE_2.1G.csv,104.78410720825195,10.236410855776157,7.719251275062561,LTE_2.1G
Naive,16,KBS_MokPo_LTE_2.1G.csv,KBS_DaeJeon_LTE_2.1G.csv,81.77681827545166,9.043053592423947,6.617486417293549,LTE_2.1G
Naive,16,KBS_MokPo_LTE_2.1G.csv,CMB_DaeJeon_LTE_2.1G.csv,82.7942434946696,9.099134216763131,6.454232652982076,LTE_2.1G
Naive,16,KBS_MokPo_LTE_2.1G.csv,MBC_ChungJu_LTE_2.1G.csv,158.75555292765299,12.599823527639305,8.973716100056967,LTE_2.1G
Naive,16,KBS_MokPo_LTE_2.1G.csv,KBS_ChungJu_LTE_2.1G.csv,176.37983385721842,13.280806973117953,9.136253396670023,LTE_2.1G
Naive,16,KBS_MokPo_LTE_2.1G.csv,KBS_main_LTE_2.1G.csv,41.56000471115112,6.446704949906667,4.623221814632416,LTE_2.1G
Naive,16,KBS_MokPo_LTE_2.1G.csv,SBS_LTE_2.1G.csv,40.94128942489624,6.398538069348048,4.601349333922069,LTE_2.1G
Naive,16,KBS_MokPo_LTE_2.1G.csv,MBC_sa_LTE_2.1G.csv,95.26148907343547,9.760199233285942,6.966052174568176,LTE_2.1G
Naive,16,KBS_MokPo_LTE_2.1G.csv,KBS_KangNeung_LTE_2.1G.csv,151.1493002573649,12.2942791678636,9.16500703493754,LTE_2.1G
Naive,16,KBS_MokPo_LTE_2.1G.csv,MBC_KangNeung_LTE_2.1G.csv,123.36426226298015,11.106946576939142,8.745500961939493,LTE_2.1G
Naive,16,KBS_MokPo_LTE_2.1G.csv,TBN_DaeGu_LTE_2.1G.csv,122.58480262756348,11.071802140011512,7.564901828765869,LTE_2.1G
Naive,16,KBS_MokPo_LTE_2.1G.csv,TBC_DaeGu_LTE_2.1G.csv,140.6828327178955,11.860979416468755,8.308749198913574,LTE_2.1G
Naive,16,KBS_MokPo_LTE_2.1G.csv,JeonJu_Radio_LTE_2.1G.csv,95.26977157592773,9.760623523931642,6.752511143684387,LTE_2.1G
Naive,16,KBS_MokPo_LTE_2.1G.csv,KBS_JeonJu_LTE_2.1G.csv,88.54880142211914,9.410037269964404,6.790576338768005,LTE_2.1G
Naive,16,KBS_MokPo_LTE_2.1G.csv,KBS_MokPo_LTE_2.1G.csv,39.93059889475504,6.319066299284653,4.465350985527039,LTE_2.1G
Naive,17,KBS_SunCheon_LTE_2.1G.csv,MBC_CheongJu_LTE_2.1G.csv,178.24271647135416,13.350757149740765,11.58881147702535,LTE_2.1G
Naive,17,KBS_SunCheon_LTE_2.1G.csv,Broad_CheongJu_LTE_2.1G.csv,144.08666610717773,12.00361054463105,10.146884202957153,LTE_2.1G
Naive,17,KBS_SunCheon_LTE_2.1G.csv,MBC_DaeJeon_LTE_2.1G.csv,118.9181734720866,10.904960956926283,8.954333384831747,LTE_2.1G
Naive,17,KBS_SunCheon_LTE_2.1G.csv,KBS_DaeJeon_LTE_2.1G.csv,128.25369517008463,11.324914797475724,9.406245470046997,LTE_2.1G
Naive,17,KBS_SunCheon_LTE_2.1G.csv,CMB_DaeJeon_LTE_2.1G.csv,148.11724599202475,12.17034288720021,10.155293385187784,LTE_2.1G
Naive,17,KBS_SunCheon_LTE_2.1G.csv,MBC_ChungJu_LTE_2.1G.csv,124.83117739359538,11.172787360081431,9.263181408246359,LTE_2.1G
Naive,17,KBS_SunCheon_LTE_2.1G.csv,KBS_ChungJu_LTE_2.1G.csv,136.96772638956705,11.703321169205221,9.401641527811686,LTE_2.1G
Naive,17,KBS_SunCheon_LTE_2.1G.csv,KBS_main_LTE_2.1G.csv,147.66917419433594,12.151920596940055,10.183116436004639,LTE_2.1G
Naive,17,KBS_SunCheon_LTE_2.1G.csv,SBS_LTE_2.1G.csv,139.93240356445312,11.829302750561975,9.839651147524515,LTE_2.1G
Naive,17,KBS_SunCheon_LTE_2.1G.csv,MBC_sa_LTE_2.1G.csv,139.21104176839194,11.798772892483012,9.568126996358236,LTE_2.1G
Naive,17,KBS_SunCheon_LTE_2.1G.csv,KBS_KangNeung_LTE_2.1G.csv,242.3741143544515,15.56836903321769,13.002625703811646,LTE_2.1G
Naive,17,KBS_SunCheon_LTE_2.1G.csv,MBC_KangNeung_LTE_2.1G.csv,280.68355560302734,16.75361321038024,14.533597628275553,LTE_2.1G
Naive,17,KBS_SunCheon_LTE_2.1G.csv,TBN_DaeGu_LTE_2.1G.csv,158.65200551350912,12.595713775467793,10.72519818941752,LTE_2.1G
Naive,17,KBS_SunCheon_LTE_2.1G.csv,TBC_DaeGu_LTE_2.1G.csv,134.17113240559897,11.58322633835664,9.555558840433756,LTE_2.1G
Naive,17,KBS_SunCheon_LTE_2.1G.csv,JeonJu_Radio_LTE_2.1G.csv,127.48877016703288,11.291092514324417,9.080332001050314,LTE_2.1G
Naive,17,KBS_SunCheon_LTE_2.1G.csv,KBS_JeonJu_LTE_2.1G.csv,138.16321182250977,11.754284828202428,9.509335279464722,LTE_2.1G
Naive,17,KBS_SunCheon_LTE_2.1G.csv,KBS_MokPo_LTE_2.1G.csv,187.37603632609049,13.688536675849997,11.813579877217611,LTE_2.1G
Naive,17,KBS_SunCheon_LTE_2.1G.csv,KBS_SunCheon_LTE_2.1G.csv,146.11562983194986,12.087829823088587,9.740835507710775,LTE_2.1G
Naive,18,KBS_GwangJu_LTE_2.1G.csv,MBC_CheongJu_LTE_2.1G.csv,54.37831115722656,7.374165115945436,5.585124691327413,LTE_2.1G
Naive,18,KBS_GwangJu_LTE_2.1G.csv,Broad_CheongJu_LTE_2.1G.csv,67.48122024536133,8.21469538360135,6.247926831245422,LTE_2.1G
Naive,18,KBS_GwangJu_LTE_2.1G.csv,MBC_DaeJeon_LTE_2.1G.csv,89.87336095174153,9.480156167054503,7.352583050727844,LTE_2.1G
Naive,18,KBS_GwangJu_LTE_2.1G.csv,KBS_DaeJeon_LTE_2.1G.csv,69.98949337005615,8.36597235054337,6.39380145072937,LTE_2.1G
Naive,18,KBS_GwangJu_LTE_2.1G.csv,CMB_DaeJeon_LTE_2.1G.csv,72.74044036865234,8.528800640691067,6.291233658790588,LTE_2.1G
Naive,18,KBS_GwangJu_LTE_2.1G.csv,MBC_ChungJu_LTE_2.1G.csv,133.74267578125,11.56471684829551,8.25844124952952,LTE_2.1G
Naive,18,KBS_GwangJu_LTE_2.1G.csv,KBS_ChungJu_LTE_2.1G.csv,150.23241170247397,12.25693320951346,8.488540053367615,LTE_2.1G
Naive,18,KBS_GwangJu_LTE_2.1G.csv,KBS_main_LTE_2.1G.csv,46.48810434341431,6.81821856084229,5.028463780879974,LTE_2.1G
Naive,18,KBS_GwangJu_LTE_2.1G.csv,SBS_LTE_2.1G.csv,47.166473388671875,6.867785188011625,5.144598881403605,LTE_2.1G
Naive,18,KBS_GwangJu_LTE_2.1G.csv,MBC_sa_LTE_2.1G.csv,92.4443227450053,9.614797072481837,7.119056900342305,LTE_2.1G
Naive,18,KBS_GwangJu_LTE_2.1G.csv,KBS_KangNeung_LTE_2.1G.csv,116.77404975891113,10.806204225300904,7.627092281977336,LTE_2.1G
Naive,18,KBS_GwangJu_LTE_2.1G.csv,MBC_KangNeung_LTE_2.1G.csv,90.01152324676514,9.487440289496694,6.927624583244324,LTE_2.1G
Naive,18,KBS_GwangJu_LTE_2.1G.csv,TBN_DaeGu_LTE_2.1G.csv,101.72419548034668,10.08584133725822,6.672739585240682,LTE_2.1G
Naive,18,KBS_GwangJu_LTE_2.1G.csv,TBC_DaeGu_LTE_2.1G.csv,105.9397972424825,10.292706021376619,7.009875098864238,LTE_2.1G
Naive,18,KBS_GwangJu_LTE_2.1G.csv,JeonJu_Radio_LTE_2.1G.csv,89.56963920593262,9.464123794939107,7.086074511210124,LTE_2.1G
Naive,18,KBS_GwangJu_LTE_2.1G.csv,KBS_JeonJu_LTE_2.1G.csv,82.58933766682942,9.087867608346274,6.849620421727498,LTE_2.1G
Naive,18,KBS_GwangJu_LTE_2.1G.csv,KBS_MokPo_LTE_2.1G.csv,60.74648952484131,7.794003433720138,5.982269724210103,LTE_2.1G
Naive,18,KBS_GwangJu_LTE_2.1G.csv,KBS_SunCheon_LTE_2.1G.csv,223.34714206059775,14.944803179051831,10.63377312819163,LTE_2.1G
Naive,18,KBS_GwangJu_LTE_2.1G.csv,KBS_GwangJu_LTE_2.1G.csv,52.935418128967285,7.27567303615049,5.2517508665720625,LTE_2.1G
ER,0,MBC_CheongJu_LTE_2.1G.csv,MBC_CheongJu_LTE_2.1G.csv,53.296417872111,7.300439567047384,5.171374758084615,LTE_2.1G
ER,1,Broad_CheongJu_LTE_2.1G.csv,MBC_CheongJu_LTE_2.1G.csv,58.32603089014689,7.637148086173719,5.237996260325114,LTE_2.1G
ER,1,Broad_CheongJu_LTE_2.1G.csv,Broad_CheongJu_LTE_2.1G.csv,76.30229091644287,8.735118254290715,6.217294255892436,LTE_2.1G
ER,2,MBC_DaeJeon_LTE_2.1G.csv,MBC_CheongJu_LTE_2.1G.csv,55.66836706797282,7.46112371348799,5.229190607865651,LTE_2.1G
ER,2,MBC_DaeJeon_LTE_2.1G.csv,Broad_CheongJu_LTE_2.1G.csv,66.05760272343953,8.127582833994344,5.751861413319905,LTE_2.1G
ER,2,MBC_DaeJeon_LTE_2.1G.csv,MBC_DaeJeon_LTE_2.1G.csv,89.23290824890137,9.446317179139253,6.953835805257161,LTE_2.1G
ER,3,KBS_DaeJeon_LTE_2.1G.csv,MBC_CheongJu_LTE_2.1G.csv,55.109124501546226,7.42355201379678,5.232681691646576,LTE_2.1G
ER,3,KBS_DaeJeon_LTE_2.1G.csv,Broad_CheongJu_LTE_2.1G.csv,64.36648400624593,8.022872553284511,5.726286550362905,LTE_2.1G
ER,3,KBS_DaeJeon_LTE_2.1G.csv,MBC_DaeJeon_LTE_2.1G.csv,85.15288416544597,9.227832040379038,6.786880850791931,LTE_2.1G
ER,3,KBS_DaeJeon_LTE_2.1G.csv,KBS_DaeJeon_LTE_2.1G.csv,61.651030699412026,7.851817031707503,5.641776204109192,LTE_2.1G
ER,4,CMB_DaeJeon_LTE_2.1G.csv,MBC_CheongJu_LTE_2.1G.csv,56.062080224355064,7.487461534081832,5.383704264958699,LTE_2.1G
ER,4,CMB_DaeJeon_LTE_2.1G.csv,Broad_CheongJu_LTE_2.1G.csv,64.35523064931233,8.022171192969665,5.752446273962657,LTE_2.1G
ER,4,CMB_DaeJeon_LTE_2.1G.csv,MBC_DaeJeon_LTE_2.1G.csv,84.56403986612956,9.195870805210868,6.829995075861613,LTE_2.1G
ER,4,CMB_DaeJeon_LTE_2.1G.csv,KBS_DaeJeon_LTE_2.1G.csv,60.65047597885132,7.787841548134587,5.610287090142568,LTE_2.1G
ER,4,CMB_DaeJeon_LTE_2.1G.csv,CMB_DaeJeon_LTE_2.1G.csv,68.9771105448405,8.305245965342658,5.831588466962178,LTE_2.1G
ER,5,MBC_ChungJu_LTE_2.1G.csv,MBC_CheongJu_LTE_2.1G.csv,62.582496325174965,7.9109099555724285,6.060390909512837,LTE_2.1G
ER,5,MBC_ChungJu_LTE_2.1G.csv,Broad_CheongJu_LTE_2.1G.csv,64.86624066034953,8.053958074161395,6.118996262550354,LTE_2.1G
ER,5,MBC_ChungJu_LTE_2.1G.csv,MBC_DaeJeon_LTE_2.1G.csv,75.7620579401652,8.704140275763322,6.739379247029622,LTE_2.1G
ER,5,MBC_ChungJu_LTE_2.1G.csv,KBS_DaeJeon_LTE_2.1G.csv,57.898255825042725,7.609090341495672,5.77755610148112,LTE_2.1G
ER,5,MBC_ChungJu_LTE_2.1G.csv,CMB_DaeJeon_LTE_2.1G.csv,67.08822409311931,8.19074014318116,6.155964255332947,LTE_2.1G
ER,5,MBC_ChungJu_LTE_2.1G.csv,MBC_ChungJu_LTE_2.1G.csv,119.07456016540527,10.912129039074147,7.982955654462178,LTE_2.1G
ER,6,KBS_ChungJu_LTE_2.1G.csv,MBC_CheongJu_LTE_2.1G.csv,64.06882222493489,8.004300233308024,6.1563169956207275,LTE_2.1G
ER,6,KBS_ChungJu_LTE_2.1G.csv,Broad_CheongJu_LTE_2.1G.csv,64.96543614069621,8.060113903704849,6.165896634260814,LTE_2.1G
ER,6,KBS_ChungJu_LTE_2.1G.csv,MBC_DaeJeon_LTE_2.1G.csv,74.9885295232137,8.659591764235408,6.712059458096822,LTE_2.1G
ER,6,KBS_ChungJu_LTE_2.1G.csv,KBS_DaeJeon_LTE_2.1G.csv,57.40818579991659,7.576818976319586,5.757139364878337,LTE_2.1G
ER,6,KBS_ChungJu_LTE_2.1G.csv,CMB_DaeJeon_LTE_2.1G.csv,66.49892807006836,8.15468749064416,6.124917467435201,LTE_2.1G
ER,6,KBS_ChungJu_LTE_2.1G.csv,MBC_ChungJu_LTE_2.1G.csv,116.66430600484212,10.801125219385344,7.85649851957957,LTE_2.1G
ER,6,KBS_ChungJu_LTE_2.1G.csv,KBS_ChungJu_LTE_2.1G.csv,133.4247907002767,11.550964925073433,8.013076901435852,LTE_2.1G
ER,7,KBS_main_LTE_2.1G.csv,MBC_CheongJu_LTE_2.1G.csv,55.93214209874471,7.478779452473827,5.488106608390808,LTE_2.1G
ER,7,KBS_main_LTE_2.1G.csv,Broad_CheongJu_LTE_2.1G.csv,64.80942916870117,8.050430371644808,5.929505666097005,LTE_2.1G
ER,7,KBS_main_LTE_2.1G.csv,MBC_DaeJeon_LTE_2.1G.csv,83.39245732625325,9.131947072024303,6.918899257977803,LTE_2.1G
ER,7,KBS_main_LTE_2.1G.csv,KBS_DaeJeon_LTE_2.1G.csv,61.92150990168253,7.869022169347506,5.8657398621241255,LTE_2.1G
ER,7,KBS_main_LTE_2.1G.csv,CMB_DaeJeon_LTE_2.1G.csv,69.07490317026775,8.311131281015102,5.980964144070943,LTE_2.1G
ER,7,KBS_main_LTE_2.1G.csv,MBC_ChungJu_LTE_2.1G.csv,134.68842124938965,11.605534078593266,8.211931983629862,LTE_2.1G
ER,7,KBS_main_LTE_2.1G.csv,KBS_ChungJu_LTE_2.1G.csv,152.04174931844076,12.330521048132587,8.432512203852335,LTE_2.1G
ER,7,KBS_main_LTE_2.1G.csv,KBS_main_LTE_2.1G.csv,45.96028025945028,6.779401172629503,4.921954274177551,LTE_2.1G
ER,8,SBS_LTE_2.1G.csv,MBC_CheongJu_LTE_2.1G.csv,53.55568106969198,7.3181747088800755,5.389430125554402,LTE_2.1G
ER,8,SBS_LTE_2.1G.csv,Broad_CheongJu_LTE_2.1G.csv,63.47325929005941,7.967010687206301,5.8739471435546875,LTE_2.1G
ER,8,SBS_LTE_2.1G.csv,MBC_DaeJeon_LTE_2.1G.csv,83.9154504140218,9.1605376705749,6.962108929951985,LTE_2.1G
ER,8,SBS_LTE_2.1G.csv,KBS_DaeJeon_LTE_2.1G.csv,61.543755531311035,7.844982825431234,5.840553522109985,LTE_2.1G
ER,8,SBS_LTE_2.1G.csv,CMB_DaeJeon_LTE_2.1G.csv,67.65336418151855,8.225166513908308,5.9497660001118975,LTE_2.1G
ER,8,SBS_LTE_2.1G.csv,MBC_ChungJu_LTE_2.1G.csv,131.85392951965332,11.48276663176838,8.152881662050882,LTE_2.1G
ER,8,SBS_LTE_2.1G.csv,KBS_ChungJu_LTE_2.1G.csv,149.42017555236816,12.223754560378254,8.376492460568747,LTE_2.1G
ER,8,SBS_LTE_2.1G.csv,KBS_main_LTE_2.1G.csv,43.722320874532066,6.612285601403804,4.802247842152913,LTE_2.1G
ER,8,SBS_LTE_2.1G.csv,SBS_LTE_2.1G.csv,40.064376513163246,6.329642684477793,4.580940107504527,LTE_2.1G
ER,9,MBC_sa_LTE_2.1G.csv,MBC_CheongJu_LTE_2.1G.csv,55.713892777760826,7.464173951467156,5.605806887149811,LTE_2.1G
ER,9,MBC_sa_LTE_2.1G.csv,Broad_CheongJu_LTE_2.1G.csv,63.24363644917806,7.952586777217716,5.998490571975708,LTE_2.1G
ER,9,MBC_sa_LTE_2.1G.csv,MBC_DaeJeon_LTE_2.1G.csv,79.39364624023438,8.910311231389977,6.897540887196858,LTE_2.1G
ER,9,MBC_sa_LTE_2.1G.csv,KBS_DaeJeon_LTE_2.1G.csv,60.324737548828125,7.76690012481351,5.894330660502116,LTE_2.1G
ER,9,MBC_sa_LTE_2.1G.csv,CMB_DaeJeon_LTE_2.1G.csv,66.7076203028361,8.167473312036966,6.0685709317525225,LTE_2.1G
ER,9,MBC_sa_LTE_2.1G.csv,MBC_ChungJu_LTE_2.1G.csv,125.45355542500813,11.200605136554369,8.125089685122171,LTE_2.1G
ER,9,MBC_sa_LTE_2.1G.csv,KBS_ChungJu_LTE_2.1G.csv,143.37750116984049,11.974034456683365,8.391601085662842,LTE_2.1G
ER,9,MBC_sa_LTE_2.1G.csv,KBS_main_LTE_2.1G.csv,46.64115285873413,6.829432835802263,5.066637873649597,LTE_2.1G
ER,9,MBC_sa_LTE_2.1G.csv,SBS_LTE_2.1G.csv,41.92550404866537,6.474990660121864,4.746287286281586,LTE_2.1G
ER,9,MBC_sa_LTE_2.1G.csv,MBC_sa_LTE_2.1G.csv,80.8172942797343,8.989843951912308,6.411676188309987,LTE_2.1G
ER,10,KBS_KangNeung_LTE_2.1G.csv,MBC_CheongJu_LTE_2.1G.csv,59.091973304748535,7.6871303686582895,5.82651420434316,LTE_2.1G
ER,10,KBS_KangNeung_LTE_2.1G.csv,Broad_CheongJu_LTE_2.1G.csv,65.86951907475789,8.116003885826935,6.19853001832962,LTE_2.1G
ER,10,KBS_KangNeung_LTE_2.1G.csv,MBC_DaeJeon_LTE_2.1G.csv,83.09789021809895,9.115804419693248,7.1185057163238525,LTE_2.1G
ER,10,KBS_KangNeung_LTE_2.1G.csv,KBS_DaeJeon_LTE_2.1G.csv,64.27584568659465,8.017221818472697,6.142801801363627,LTE_2.1G
ER,10,KBS_KangNeung_LTE_2.1G.csv,CMB_DaeJeon_LTE_2.1G.csv,69.0136620203654,8.307446179203655,6.232006708780925,LTE_2.1G
ER,10,KBS_KangNeung_LTE_2.1G.csv,MBC_ChungJu_LTE_2.1G.csv,123.23511377970378,11.101131193698405,8.125046173731485,LTE_2.1G
ER,10,KBS_KangNeung_LTE_2.1G.csv,KBS_ChungJu_LTE_2.1G.csv,136.82450421651205,11.697200700018447,8.321785966555277,LTE_2.1G
ER,10,KBS_KangNeung_LTE_2.1G.csv,KBS_main_LTE_2.1G.csv,49.18404801686605,7.013133965415608,5.350569049517314,LTE_2.1G
ER,10,KBS_KangNeung_LTE_2.1G.csv,SBS_LTE_2.1G.csv,47.83552916844686,6.916323385184274,5.118914902210236,LTE_2.1G
ER,10,KBS_KangNeung_LTE_2.1G.csv,MBC_sa_LTE_2.1G.csv,86.66809829076131,9.309570252743212,6.722169657548268,LTE_2.1G
ER,10,KBS_KangNeung_LTE_2.1G.csv,KBS_KangNeung_LTE_2.1G.csv,86.94994195302327,9.324695274003503,6.398817976315816,LTE_2.1G
ER,11,MBC_KangNeung_LTE_2.1G.csv,MBC_CheongJu_LTE_2.1G.csv,60.92941665649414,7.805729732478197,6.067059278488159,LTE_2.1G
ER,11,MBC_KangNeung_LTE_2.1G.csv,Broad_CheongJu_LTE_2.1G.csv,66.4771580696106,8.153352566252154,6.3040715257326765,LTE_2.1G
ER,11,MBC_KangNeung_LTE_2.1G.csv,MBC_DaeJeon_LTE_2.1G.csv,80.87639617919922,8.993130499397816,7.098883946736653,LTE_2.1G
ER,11,MBC_KangNeung_LTE_2.1G.csv,KBS_DaeJeon_LTE_2.1G.csv,63.46435594558716,7.966451904429421,6.159872849782308,LTE_2.1G
ER,11,MBC_KangNeung_LTE_2.1G.csv,CMB_DaeJeon_LTE_2.1G.csv,69.19146410624187,8.318140664009107,6.332015554110209,LTE_2.1G
ER,11,MBC_KangNeung_LTE_2.1G.csv,MBC_ChungJu_LTE_2.1G.csv,117.81992085774739,10.85448851202798,8.066713333129883,LTE_2.1G
ER,11,MBC_KangNeung_LTE_2.1G.csv,KBS_ChungJu_LTE_2.1G.csv,130.70119285583496,11.432462239423096,8.237788081169128,LTE_2.1G
ER,11,MBC_KangNeung_LTE_2.1G.csv,KBS_main_LTE_2.1G.csv,51.069528897603355,7.1462947670525985,5.44815989335378,LTE_2.1G
ER,11,MBC_KangNeung_LTE_2.1G.csv,SBS_LTE_2.1G.csv,48.316362619400024,6.9509972392024455,5.229646186033885,LTE_2.1G
ER,11,MBC_KangNeung_LTE_2.1G.csv,MBC_sa_LTE_2.1G.csv,84.83326117197673,9.210497335756454,6.694977184136708,LTE_2.1G
ER,11,MBC_KangNeung_LTE_2.1G.csv,KBS_KangNeung_LTE_2.1G.csv,87.79574330647786,9.36993827655646,6.6702514092127485,LTE_2.1G
ER,11,MBC_KangNeung_LTE_2.1G.csv,MBC_KangNeung_LTE_2.1G.csv,62.075793425242104,7.878819291317837,5.526497046152751,LTE_2.1G
ER,12,TBN_DaeGu_LTE_2.1G.csv,MBC_CheongJu_LTE_2.1G.csv,56.13226572672526,7.492146937075197,5.720251480738322,LTE_2.1G
ER,12,TBN_DaeGu_LTE_2.1G.csv,Broad_CheongJu_LTE_2.1G.csv,64.64450216293335,8.040180480743784,6.1801440715789795,LTE_2.1G
ER,12,TBN_DaeGu_LTE_2.1G.csv,MBC_DaeJeon_LTE_2.1G.csv,84.74416287740071,9.20565928532013,7.265728155771892,LTE_2.1G
ER,12,TBN_DaeGu_LTE_2.1G.csv,KBS_DaeJeon_LTE_2.1G.csv,64.72539647420247,8.045209535754955,6.224833647410075,LTE_2.1G
ER,12,TBN_DaeGu_LTE_2.1G.csv,CMB_DaeJeon_LTE_2.1G.csv,69.23818715413411,8.320948693155973,6.2565451463063555,LTE_2.1G
ER,12,TBN_DaeGu_LTE_2.1G.csv,MBC_ChungJu_LTE_2.1G.csv,125.9921449025472,11.224622261018283,8.283966422080994,LTE_2.1G
ER,12,TBN_DaeGu_LTE_2.1G.csv,KBS_ChungJu_LTE_2.1G.csv,139.64224243164062,11.81703187909894,8.4837007522583,LTE_2.1G
ER,12,TBN_DaeGu_LTE_2.1G.csv,KBS_main_LTE_2.1G.csv,45.48187303543091,6.744024987752559,5.130618453025818,LTE_2.1G
ER,12,TBN_DaeGu_LTE_2.1G.csv,SBS_LTE_2.1G.csv,43.655819018681846,6.6072550290329986,4.9248164892196655,LTE_2.1G
ER,12,TBN_DaeGu_LTE_2.1G.csv,MBC_sa_LTE_2.1G.csv,85.04331191380818,9.221893076467987,6.703996320565541,LTE_2.1G
ER,12,TBN_DaeGu_LTE_2.1G.csv,KBS_KangNeung_LTE_2.1G.csv,99.58533414204915,9.979245168951866,7.104101379712422,LTE_2.1G
ER,12,TBN_DaeGu_LTE_2.1G.csv,MBC_KangNeung_LTE_2.1G.csv,70.82873741785686,8.415981072807664,5.881894628206889,LTE_2.1G
ER,12,TBN_DaeGu_LTE_2.1G.csv,TBN_DaeGu_LTE_2.1G.csv,97.03930346171062,9.85085293067106,6.916876514752706,LTE_2.1G
ER,13,TBC_DaeGu_LTE_2.1G.csv,MBC_CheongJu_LTE_2.1G.csv,60.48303540547689,7.777083991154839,6.035992860794067,LTE_2.1G
ER,13,TBC_DaeGu_LTE_2.1G.csv,Broad_CheongJu_LTE_2.1G.csv,63.76036866505941,7.9850089959285215,6.174492299556732,LTE_2.1G
ER,13,TBC_DaeGu_LTE_2.1G.csv,MBC_DaeJeon_LTE_2.1G.csv,78.70112164815266,8.87136526404773,7.050066272417705,LTE_2.1G
ER,13,TBC_DaeGu_LTE_2.1G.csv,KBS_DaeJeon_LTE_2.1G.csv,61.76577218373617,7.859120318695736,6.135336995124817,LTE_2.1G
ER,13,TBC_DaeGu_LTE_2.1G.csv,CMB_DaeJeon_LTE_2.1G.csv,66.78010908762614,8.171909757677586,6.260352810223897,LTE_2.1G
ER,13,TBC_DaeGu_LTE_2.1G.csv,MBC_ChungJu_LTE_2.1G.csv,114.53804842631023,10.702245018046925,7.915823062260945,LTE_2.1G
ER,13,TBC_DaeGu_LTE_2.1G.csv,KBS_ChungJu_LTE_2.1G.csv,129.68841870625815,11.388082310303968,8.095359961191813,LTE_2.1G
ER,13,TBC_DaeGu_LTE_2.1G.csv,KBS_main_LTE_2.1G.csv,51.64613119761149,7.18652427795325,5.456022024154663,LTE_2.1G
ER,13,TBC_DaeGu_LTE_2.1G.csv,SBS_LTE_2.1G.csv,47.7482271194458,6.910009198217163,5.1351292332013445,LTE_2.1G
ER,13,TBC_DaeGu_LTE_2.1G.csv,MBC_sa_LTE_2.1G.csv,84.43318748474121,9.188753315044496,6.714938203493754,LTE_2.1G
ER,13,TBC_DaeGu_LTE_2.1G.csv,KBS_KangNeung_LTE_2.1G.csv,100.54678344726562,10.027301902668814,7.361911495526631,LTE_2.1G
ER,13,TBC_DaeGu_LTE_2.1G.csv,MBC_KangNeung_LTE_2.1G.csv,74.43890794118245,8.627798557058599,6.288161873817444,LTE_2.1G
ER,13,TBC_DaeGu_LTE_2.1G.csv,TBN_DaeGu_LTE_2.1G.csv,97.3850892384847,9.868388381011597,7.048140287399292,LTE_2.1G
ER,13,TBC_DaeGu_LTE_2.1G.csv,TBC_DaeGu_LTE_2.1G.csv,94.41511821746826,9.716744218999915,7.09508756796519,LTE_2.1G
ER,14,JeonJu_Radio_LTE_2.1G.csv,MBC_CheongJu_LTE_2.1G.csv,58.35557587941488,7.63908213592542,5.869692921638489,LTE_2.1G
ER,14,JeonJu_Radio_LTE_2.1G.csv,Broad_CheongJu_LTE_2.1G.csv,63.22398805618286,7.951351335224904,6.09784875313441,LTE_2.1G
ER,14,JeonJu_Radio_LTE_2.1G.csv,MBC_DaeJeon_LTE_2.1G.csv,78.45083999633789,8.857247879354958,6.966134508450826,LTE_2.1G
ER,14,JeonJu_Radio_LTE_2.1G.csv,KBS_DaeJeon_LTE_2.1G.csv,61.20552921295166,7.82339627099073,6.048913478851318,LTE_2.1G
ER,14,JeonJu_Radio_LTE_2.1G.csv,CMB_DaeJeon_LTE_2.1G.csv,66.1063445409139,8.130580824326998,6.1414023240407305,LTE_2.1G
ER,14,JeonJu_Radio_LTE_2.1G.csv,MBC_ChungJu_LTE_2.1G.csv,117.39763323465984,10.835018838685045,7.903826594352722,LTE_2.1G
ER,14,JeonJu_Radio_LTE_2.1G.csv,KBS_ChungJu_LTE_2.1G.csv,133.94967969258627,11.57366319246358,8.158615787823996,LTE_2.1G
ER,14,JeonJu_Radio_LTE_2.1G.csv,KBS_main_LTE_2.1G.csv,49.10033369064331,7.0071630272631245,5.274313688278198,LTE_2.1G
ER,14,JeonJu_Radio_LTE_2.1G.csv,SBS_LTE_2.1G.csv,45.37616296609243,6.736183115540464,4.946807185808818,LTE_2.1G
ER,14,JeonJu_Radio_LTE_2.1G.csv,MBC_sa_LTE_2.1G.csv,83.85866022109985,9.157437426545696,6.6494981447855634,LTE_2.1G
ER,14,JeonJu_Radio_LTE_2.1G.csv,KBS_KangNeung_LTE_2.1G.csv,96.05178101857503,9.800601053944346,6.970454414685567,LTE_2.1G
ER,14,JeonJu_Radio_LTE_2.1G.csv,MBC_KangNeung_LTE_2.1G.csv,69.49934069315593,8.336626457575985,6.003711462020874,LTE_2.1G
ER,14,JeonJu_Radio_LTE_2.1G.csv,TBN_DaeGu_LTE_2.1G.csv,99.25133069356282,9.962496207957262,7.022485653559367,LTE_2.1G
ER,14,JeonJu_Radio_LTE_2.1G.csv,TBC_DaeGu_LTE_2.1G.csv,96.49063014984131,9.822964427800871,7.03365699450175,LTE_2.1G
ER,14,JeonJu_Radio_LTE_2.1G.csv,JeonJu_Radio_LTE_2.1G.csv,77.4357198079427,8.799756803908998,6.513906995455424,LTE_2.1G
ER,15,KBS_JeonJu_LTE_2.1G.csv,MBC_CheongJu_LTE_2.1G.csv,56.815490086873375,7.53760506307364,5.816587527592977,LTE_2.1G
ER,15,KBS_JeonJu_LTE_2.1G.csv,Broad_CheongJu_LTE_2.1G.csv,63.86238098144531,7.991394182584496,6.160055200258891,LTE_2.1G
ER,15,KBS_JeonJu_LTE_2.1G.csv,MBC_DaeJeon_LTE_2.1G.csv,80.37322489420573,8.965111538302562,7.03995402654012,LTE_2.1G
ER,15,KBS_JeonJu_LTE_2.1G.csv,KBS_DaeJeon_LTE_2.1G.csv,61.293569246927895,7.829020963500347,6.034101406733195,LTE_2.1G
ER,15,KBS_JeonJu_LTE_2.1G.csv,CMB_DaeJeon_LTE_2.1G.csv,66.13719177246094,8.132477591267063,6.112901329994202,LTE_2.1G
ER,15,KBS_JeonJu_LTE_2.1G.csv,MBC_ChungJu_LTE_2.1G.csv,117.7736136118571,10.852355210361349,7.9051287571589155,LTE_2.1G
ER,15,KBS_JeonJu_LTE_2.1G.csv,KBS_ChungJu_LTE_2.1G.csv,134.79041226704916,11.609927315321537,8.19104234377543,LTE_2.1G
ER,15,KBS_JeonJu_LTE_2.1G.csv,KBS_main_LTE_2.1G.csv,47.152175744374595,6.866744188068651,5.125438729921977,LTE_2.1G
ER,15,KBS_JeonJu_LTE_2.1G.csv,SBS_LTE_2.1G.csv,43.59867529074351,6.602929296209638,4.832971910635631,LTE_2.1G
ER,15,KBS_JeonJu_LTE_2.1G.csv,MBC_sa_LTE_2.1G.csv,82.89930486679077,9.104905538597903,6.5855534474054975,LTE_2.1G
ER,15,KBS_JeonJu_LTE_2.1G.csv,KBS_KangNeung_LTE_2.1G.csv,99.24523448944092,9.96219024559564,7.223519523938497,LTE_2.1G
ER,15,KBS_JeonJu_LTE_2.1G.csv,MBC_KangNeung_LTE_2.1G.csv,70.66449817021687,8.406217827906726,5.900291721026103,LTE_2.1G
ER,15,KBS_JeonJu_LTE_2.1G.csv,TBN_DaeGu_LTE_2.1G.csv,97.83116849263509,9.890963981970366,6.929468313852946,LTE_2.1G
ER,15,KBS_JeonJu_LTE_2.1G.csv,TBC_DaeGu_LTE_2.1G.csv,95.9687671661377,9.796364997596696,7.016179323196411,LTE_2.1G
ER,15,KBS_JeonJu_LTE_2.1G.csv,JeonJu_Radio_LTE_2.1G.csv,78.72740077972412,8.872846261472365,6.495686014493306,LTE_2.1G
ER,15,KBS_JeonJu_LTE_2.1G.csv,KBS_JeonJu_LTE_2.1G.csv,74.19871966044109,8.613867868759138,6.329209367434184,LTE_2.1G
ER,16,KBS_MokPo_LTE_2.1G.csv,MBC_CheongJu_LTE_2.1G.csv,55.96471850077311,7.480957057808387,5.667080839474996,LTE_2.1G
ER,16,KBS_MokPo_LTE_2.1G.csv,Broad_CheongJu_LTE_2.1G.csv,65.50441201527913,8.093479598743617,6.14232353369395,LTE_2.1G
ER,16,KBS_MokPo_LTE_2.1G.csv,MBC_DaeJeon_LTE_2.1G.csv,86.4042199452718,9.295387025039453,7.250746051470439,LTE_2.1G
ER,16,KBS_MokPo_LTE_2.1G.csv,KBS_DaeJeon_LTE_2.1G.csv,66.5805508295695,8.159690608691577,6.251825888951619,LTE_2.1G
ER,16,KBS_MokPo_LTE_2.1G.csv,CMB_DaeJeon_LTE_2.1G.csv,69.19724400838216,8.318488084284436,6.226322929064433,LTE_2.1G
ER,16,KBS_MokPo_LTE_2.1G.csv,MBC_ChungJu_LTE_2.1G.csv,125.31980959574382,11.194633071063286,8.202633500099182,LTE_2.1G
ER,16,KBS_MokPo_LTE_2.1G.csv,KBS_ChungJu_LTE_2.1G.csv,142.15656026204428,11.922942600803053,8.485727151234945,LTE_2.1G
ER,16,KBS_MokPo_LTE_2.1G.csv,KBS_main_LTE_2.1G.csv,41.04274559020996,6.406461237704476,4.726937015851338,LTE_2.1G
ER,16,KBS_MokPo_LTE_2.1G.csv,SBS_LTE_2.1G.csv,39.70870804786682,6.301484590782304,4.551622291405995,LTE_2.1G
ER,16,KBS_MokPo_LTE_2.1G.csv,MBC_sa_LTE_2.1G.csv,84.59619061152141,9.197618746801881,6.698980430761973,LTE_2.1G
ER,16,KBS_MokPo_LTE_2.1G.csv,KBS_KangNeung_LTE_2.1G.csv,97.07584158579509,9.852707322649703,6.883317629496257,LTE_2.1G
ER,16,KBS_MokPo_LTE_2.1G.csv,MBC_KangNeung_LTE_2.1G.csv,67.87734699249268,8.238770963711316,5.493855277697246,LTE_2.1G
ER,16,KBS_MokPo_LTE_2.1G.csv,TBN_DaeGu_LTE_2.1G.csv,99.79157956441243,9.98957354267,6.991651654243469,LTE_2.1G
ER,16,KBS_MokPo_LTE_2.1G.csv,TBC_DaeGu_LTE_2.1G.csv,100.63536675771077,10.031718036194537,7.164374470710754,LTE_2.1G
ER,16,KBS_MokPo_LTE_2.1G.csv,JeonJu_Radio_LTE_2.1G.csv,83.46195411682129,9.13575142595404,6.626218318939209,LTE_2.1G
ER,16,KBS_MokPo_LTE_2.1G.csv,KBS_JeonJu_LTE_2.1G.csv,76.30388259887695,8.735209362051773,6.476300319035848,LTE_2.1G
ER,16,KBS_MokPo_LTE_2.1G.csv,KBS_MokPo_LTE_2.1G.csv,49.46839872996012,7.033377476714876,5.368789196014404,LTE_2.1G
ER,17,KBS_SunCheon_LTE_2.1G.csv,MBC_CheongJu_LTE_2.1G.csv,59.688515981038414,7.725834322650106,6.063802083333333,LTE_2.1G
ER,17,KBS_SunCheon_LTE_2.1G.csv,Broad_CheongJu_LTE_2.1G.csv,65.55443986256917,8.096569635504235,6.313349604606628,LTE_2.1G
ER,17,KBS_SunCheon_LTE_2.1G.csv,MBC_DaeJeon_LTE_2.1G.csv,80.74851735432942,8.98601788081514,7.186107834180196,LTE_2.1G
ER,17,KBS_SunCheon_LTE_2.1G.csv,KBS_DaeJeon_LTE_2.1G.csv,65.4381841023763,8.089387127735716,6.39754577477773,LTE_2.1G
ER,17,KBS_SunCheon_LTE_2.1G.csv,CMB_DaeJeon_LTE_2.1G.csv,69.07132021586101,8.310915726673025,6.416492819786072,LTE_2.1G
ER,17,KBS_SunCheon_LTE_2.1G.csv,MBC_ChungJu_LTE_2.1G.csv,116.6104284922282,10.798630861930052,7.926211595535278,LTE_2.1G
ER,17,KBS_SunCheon_LTE_2.1G.csv,KBS_ChungJu_LTE_2.1G.csv,133.3724905649821,11.54870081719074,8.15692683060964,LTE_2.1G
ER,17,KBS_SunCheon_LTE_2.1G.csv,KBS_main_LTE_2.1G.csv,43.543998877207436,6.598787682385867,4.955361445744832,LTE_2.1G
ER,17,KBS_SunCheon_LTE_2.1G.csv,SBS_LTE_2.1G.csv,42.64555152257284,6.530356155874872,4.801134089628856,LTE_2.1G
ER,17,KBS_SunCheon_LTE_2.1G.csv,MBC_sa_LTE_2.1G.csv,83.54390112559001,9.140235288305767,6.735655029614766,LTE_2.1G
ER,17,KBS_SunCheon_LTE_2.1G.csv,KBS_KangNeung_LTE_2.1G.csv,92.86112435658772,9.636447704241835,6.504431962966919,LTE_2.1G
ER,17,KBS_SunCheon_LTE_2.1G.csv,MBC_KangNeung_LTE_2.1G.csv,67.75234079360962,8.231181008434307,5.923452893892924,LTE_2.1G
ER,17,KBS_SunCheon_LTE_2.1G.csv,TBN_DaeGu_LTE_2.1G.csv,100.00592613220215,10.000296302220358,7.032671173413594,LTE_2.1G
ER,17,KBS_SunCheon_LTE_2.1G.csv,TBC_DaeGu_LTE_2.1G.csv,96.34685103098552,9.815643179689527,7.005272467931111,LTE_2.1G
ER,17,KBS_SunCheon_LTE_2.1G.csv,JeonJu_Radio_LTE_2.1G.csv,86.19895617167155,9.284339296453547,7.06883720556895,LTE_2.1G
ER,17,KBS_SunCheon_LTE_2.1G.csv,KBS_JeonJu_LTE_2.1G.csv,76.41334788004558,8.741472866745374,6.736559430758159,LTE_2.1G
ER,17,KBS_SunCheon_LTE_2.1G.csv,KBS_MokPo_LTE_2.1G.csv,57.46174907684326,7.580352833268598,5.944837331771851,LTE_2.1G
ER,17,KBS_SunCheon_LTE_2.1G.csv,KBS_SunCheon_LTE_2.1G.csv,197.8529888788859,14.066022496743203,10.271721363067627,LTE_2.1G
ER,18,KBS_GwangJu_LTE_2.1G.csv,MBC_CheongJu_LTE_2.1G.csv,55.68413019180298,7.462179989239269,5.735916356245677,LTE_2.1G
ER,18,KBS_GwangJu_LTE_2.1G.csv,Broad_CheongJu_LTE_2.1G.csv,65.30631224314372,8.081232099323946,6.2721506754557295,LTE_2.1G
ER,18,KBS_GwangJu_LTE_2.1G.csv,MBC_DaeJeon_LTE_2.1G.csv,83.76863288879395,9.152520575709948,7.273980140686035,LTE_2.1G
ER,18,KBS_GwangJu_LTE_2.1G.csv,KBS_DaeJeon_LTE_2.1G.csv,65.15238157908122,8.0717025204774,6.31467592716217,LTE_2.1G
ER,18,KBS_GwangJu_LTE_2.1G.csv,CMB_DaeJeon_LTE_2.1G.csv,68.13996855417888,8.254693728672123,6.283133506774902,LTE_2.1G
ER,18,KBS_GwangJu_LTE_2.1G.csv,MBC_ChungJu_LTE_2.1G.csv,119.84623718261719,10.947430620132616,8.042747298876444,LTE_2.1G
ER,18,KBS_GwangJu_LTE_2.1G.csv,KBS_ChungJu_LTE_2.1G.csv,137.07208124796549,11.707778664117523,8.336271166801453,LTE_2.1G
ER,18,KBS_GwangJu_LTE_2.1G.csv,KBS_main_LTE_2.1G.csv,41.933921019236244,6.475640587558597,4.803065339724223,LTE_2.1G
ER,18,KBS_GwangJu_LTE_2.1G.csv,SBS_LTE_2.1G.csv,40.56823484102885,6.369319809919176,4.639678319295247,LTE_2.1G
ER,18,KBS_GwangJu_LTE_2.1G.csv,MBC_sa_LTE_2.1G.csv,83.72469600041707,9.150119999235915,6.660089651743571,LTE_2.1G
ER,18,KBS_GwangJu_LTE_2.1G.csv,KBS_KangNeung_LTE_2.1G.csv,95.79825019836426,9.787658054834377,6.8352893988291425,LTE_2.1G
ER,18,KBS_GwangJu_LTE_2.1G.csv,MBC_KangNeung_LTE_2.1G.csv,65.58698717753093,8.098579330816667,5.466267128785451,LTE_2.1G
ER,18,KBS_GwangJu_LTE_2.1G.csv,TBN_DaeGu_LTE_2.1G.csv,95.43118985493977,9.76888887514541,6.907350063323975,LTE_2.1G
ER,18,KBS_GwangJu_LTE_2.1G.csv,TBC_DaeGu_LTE_2.1G.csv,96.33620262145996,9.815100744335739,7.034164667129517,LTE_2.1G
ER,18,KBS_GwangJu_LTE_2.1G.csv,JeonJu_Radio_LTE_2.1G.csv,81.65105692545573,9.036097438908886,6.808856844902039,LTE_2.1G
ER,18,KBS_GwangJu_LTE_2.1G.csv,KBS_JeonJu_LTE_2.1G.csv,75.37595907847087,8.68193291142421,6.464315295219421,LTE_2.1G
ER,18,KBS_GwangJu_LTE_2.1G.csv,KBS_MokPo_LTE_2.1G.csv,57.194040616353355,7.562674170976385,5.905416170756022,LTE_2.1G
ER,18,KBS_GwangJu_LTE_2.1G.csv,KBS_SunCheon_LTE_2.1G.csv,203.58186848958334,14.268211818219665,10.385249733924866,LTE_2.1G
ER,18,KBS_GwangJu_LTE_2.1G.csv,KBS_GwangJu_LTE_2.1G.csv,55.94718329111735,7.4797849762621755,5.615177551905314,LTE_2.1G
EWC,0,MBC_CheongJu_LTE_2.1G.csv,MBC_CheongJu_LTE_2.1G.csv,53.33068402608236,7.3027860454817075,5.150046785672505,LTE_2.1G
EWC,1,Broad_CheongJu_LTE_2.1G.csv,MBC_CheongJu_LTE_2.1G.csv,54.62839206059774,7.391102222307424,5.334109127521515,LTE_2.1G
EWC,1,Broad_CheongJu_LTE_2.1G.csv,Broad_CheongJu_LTE_2.1G.csv,64.90439256032307,8.05632624465538,5.842708746592204,LTE_2.1G
EWC,2,MBC_DaeJeon_LTE_2.1G.csv,MBC_CheongJu_LTE_2.1G.csv,54.62928692499796,7.391162758659693,5.37472128868103,LTE_2.1G
EWC,2,MBC_DaeJeon_LTE_2.1G.csv,Broad_CheongJu_LTE_2.1G.csv,65.97190316518147,8.122308979913376,5.917673707008362,LTE_2.1G
EWC,2,MBC_DaeJeon_LTE_2.1G.csv,MBC_DaeJeon_LTE_2.1G.csv,86.3548075358073,9.292728745412044,6.934219678243001,LTE_2.1G
EWC,3,KBS_DaeJeon_LTE_2.1G.csv,MBC_CheongJu_LTE_2.1G.csv,56.70519987742106,7.5302855110162366,5.6444657643636065,LTE_2.1G
EWC,3,KBS_DaeJeon_LTE_2.1G.csv,Broad_CheongJu_LTE_2.1G.csv,65.51624870300293,8.094210814094412,5.996619760990143,LTE_2.1G
EWC,3,KBS_DaeJeon_LTE_2.1G.csv,MBC_DaeJeon_LTE_2.1G.csv,82.81837972005208,9.100460412531449,6.877616842587789,LTE_2.1G
EWC,3,KBS_DaeJeon_LTE_2.1G.csv,KBS_DaeJeon_LTE_2.1G.csv,60.84792915980021,7.800508262914681,5.75580761830012,LTE_2.1G
EWC,4,CMB_DaeJeon_LTE_2.1G.csv,MBC_CheongJu_LTE_2.1G.csv,57.10570685068766,7.556831799814501,5.631513158480327,LTE_2.1G
EWC,4,CMB_DaeJeon_LTE_2.1G.csv,Broad_CheongJu_LTE_2.1G.csv,64.84274101257324,8.052499053869752,5.943024297555287,LTE_2.1G
EWC,4,CMB_DaeJeon_LTE_2.1G.csv,MBC_DaeJeon_LTE_2.1G.csv,81.52053960164388,9.028872554291809,6.804695924123128,LTE_2.1G
EWC,4,CMB_DaeJeon_LTE_2.1G.csv,KBS_DaeJeon_LTE_2.1G.csv,59.79224236806234,7.732544365735145,5.685970405737559,LTE_2.1G
EWC,4,CMB_DaeJeon_LTE_2.1G.csv,CMB_DaeJeon_LTE_2.1G.csv,68.43724314371745,8.272680529533185,5.970962047576904,LTE_2.1G
EWC,5,MBC_ChungJu_LTE_2.1G.csv,MBC_CheongJu_LTE_2.1G.csv,56.950968424479164,7.546586541243608,5.2683809995651245,LTE_2.1G
EWC,5,MBC_ChungJu_LTE_2.1G.csv,Broad_CheongJu_LTE_2.1G.csv,65.44575548171997,8.089855096460008,5.684361219406128,LTE_2.1G
EWC,5,MBC_ChungJu_LTE_2.1G.csv,MBC_DaeJeon_LTE_2.1G.csv,86.30684471130371,9.29014772279234,6.774404565493266,LTE_2.1G
EWC,5,MBC_ChungJu_LTE_2.1G.csv,KBS_DaeJeon_LTE_2.1G.csv,62.08898297945658,7.8796562729256525,5.583552082379659,LTE_2.1G
EWC,5,MBC_ChungJu_LTE_2.1G.csv,CMB_DaeJeon_LTE_2.1G.csv,69.78782717386882,8.353910890946157,5.802359064420064,LTE_2.1G
EWC,5,MBC_ChungJu_LTE_2.1G.csv,MBC_ChungJu_LTE_2.1G.csv,141.49535369873047,11.895181953157778,8.276163140932718,LTE_2.1G
EWC,6,KBS_ChungJu_LTE_2.1G.csv,MBC_CheongJu_LTE_2.1G.csv,57.5335119565328,7.585084835157271,5.332780281702678,LTE_2.1G
EWC,6,KBS_ChungJu_LTE_2.1G.csv,Broad_CheongJu_LTE_2.1G.csv,65.08564678827922,8.067567588082495,5.699491381645203,LTE_2.1G
EWC,6,KBS_ChungJu_LTE_2.1G.csv,MBC_DaeJeon_LTE_2.1G.csv,84.15085665384929,9.173377603361223,6.7006566524505615,LTE_2.1G
EWC,6,KBS_ChungJu_LTE_2.1G.csv,KBS_DaeJeon_LTE_2.1G.csv,60.83452264467875,7.799648879576487,5.530170559883118,LTE_2.1G
EWC,6,KBS_ChungJu_LTE_2.1G.csv,CMB_DaeJeon_LTE_2.1G.csv,68.9476588567098,8.303472698618922,5.767419854799907,LTE_2.1G
EWC,6,KBS_ChungJu_LTE_2.1G.csv,MBC_ChungJu_LTE_2.1G.csv,138.15758069356283,11.754045290603692,8.162964741388956,LTE_2.1G
EWC,6,KBS_ChungJu_LTE_2.1G.csv,KBS_ChungJu_LTE_2.1G.csv,158.89876238505045,12.605505241165483,8.42659560839335,LTE_2.1G
EWC,7,KBS_main_LTE_2.1G.csv,MBC_CheongJu_LTE_2.1G.csv,87.95192019144694,9.378268507109771,8.038054585456848,LTE_2.1G
EWC,7,KBS_main_LTE_2.1G.csv,Broad_CheongJu_LTE_2.1G.csv,85.43634859720866,9.243178489957264,7.736917694409688,LTE_2.1G
EWC,7,KBS_main_LTE_2.1G.csv,MBC_DaeJeon_LTE_2.1G.csv,85.08522097269694,9.224165055586166,7.633859793345134,LTE_2.1G
EWC,7,KBS_main_LTE_2.1G.csv,KBS_DaeJeon_LTE_2.1G.csv,73.58288701375325,8.578046806456191,7.064086516698201,LTE_2.1G
EWC,7,KBS_main_LTE_2.1G.csv,CMB_DaeJeon_LTE_2.1G.csv,87.2415657043457,9.340319357727855,7.6954216957092285,LTE_2.1G
EWC,7,KBS_main_LTE_2.1G.csv,MBC_ChungJu_LTE_2.1G.csv,119.60239092508952,10.936287803687755,8.766982436180115,LTE_2.1G
EWC,7,KBS_main_LTE_2.1G.csv,KBS_ChungJu_LTE_2.1G.csv,135.9006690979004,11.657644234488389,8.9312930504481,LTE_2.1G
EWC,7,KBS_main_LTE_2.1G.csv,KBS_main_LTE_2.1G.csv,86.51937675476074,9.301579261327657,7.666869441668193,LTE_2.1G
EWC,8,SBS_LTE_2.1G.csv,MBC_CheongJu_LTE_2.1G.csv,99.01625442504883,9.950691153133477,8.643717845280966,LTE_2.1G
EWC,8,SBS_LTE_2.1G.csv,Broad_CheongJu_LTE_2.1G.csv,95.47023137410481,9.770886928733994,8.285018761952719,LTE_2.1G
EWC,8,SBS_LTE_2.1G.csv,MBC_DaeJeon_LTE_2.1G.csv,92.61100896199544,9.62346138154019,8.032377084096273,LTE_2.1G
EWC,8,SBS_LTE_2.1G.csv,KBS_DaeJeon_LTE_2.1G.csv,83.34184837341309,9.129175667792415,7.587788105010986,LTE_2.1G
EWC,8,SBS_LTE_2.1G.csv,CMB_DaeJeon_LTE_2.1G.csv,97.84081776936848,9.891451752365194,8.300273458162943,LTE_2.1G
EWC,8,SBS_LTE_2.1G.csv,MBC_ChungJu_LTE_2.1G.csv,127.76636250813802,11.30337836702541,9.248542070388794,LTE_2.1G
EWC,8,SBS_LTE_2.1G.csv,KBS_ChungJu_LTE_2.1G.csv,146.7786070505778,12.115222121388356,9.54597274462382,LTE_2.1G
EWC,8,SBS_LTE_2.1G.csv,KBS_main_LTE_2.1G.csv,96.73045094807942,9.835164002093682,8.249790986378988,LTE_2.1G
EWC,8,SBS_LTE_2.1G.csv,SBS_LTE_2.1G.csv,89.65032418568929,9.468385511040902,7.997538487116496,LTE_2.1G
EWC,9,MBC_sa_LTE_2.1G.csv,MBC_CheongJu_LTE_2.1G.csv,92.94699732462566,9.640902308634066,8.30060080687205,LTE_2.1G
EWC,9,MBC_sa_LTE_2.1G.csv,Broad_CheongJu_LTE_2.1G.csv,88.9752124150594,9.43266730119638,7.93568229675293,LTE_2.1G
EWC,9,MBC_sa_LTE_2.1G.csv,MBC_DaeJeon_LTE_2.1G.csv,86.31530380249023,9.290602983794445,7.732567707697551,LTE_2.1G
EWC,9,MBC_sa_LTE_2.1G.csv,KBS_DaeJeon_LTE_2.1G.csv,76.16107018788655,8.727031006469872,7.225044846534729,LTE_2.1G
EWC,9,MBC_sa_LTE_2.1G.csv,CMB_DaeJeon_LTE_2.1G.csv,90.67248153686523,9.522209908254766,7.914682428042094,LTE_2.1G
EWC,9,MBC_sa_LTE_2.1G.csv,MBC_ChungJu_LTE_2.1G.csv,120.58622487386067,10.98117593310756,8.86736003557841,LTE_2.1G
EWC,9,MBC_sa_LTE_2.1G.csv,KBS_ChungJu_LTE_2.1G.csv,136.77292505900064,11.694995727190355,9.023458282152811,LTE_2.1G
EWC,9,MBC_sa_LTE_2.1G.csv,KBS_main_LTE_2.1G.csv,91.84024874369304,9.5833318185114,7.953633904457092,LTE_2.1G
EWC,9,MBC_sa_LTE_2.1G.csv,SBS_LTE_2.1G.csv,85.03960132598877,9.221691890645054,7.71645720799764,LTE_2.1G
EWC,9,MBC_sa_LTE_2.1G.csv,MBC_sa_LTE_2.1G.csv,106.90092658996582,10.33929042971353,8.331518729527792,LTE_2.1G
EWC,10,KBS_KangNeung_LTE_2.1G.csv,MBC_CheongJu_LTE_2.1G.csv,68.21307277679443,8.259120581320655,6.140919287999471,LTE_2.1G
EWC,10,KBS_KangNeung_LTE_2.1G.csv,Broad_CheongJu_LTE_2.1G.csv,81.28414853413899,9.015772209530306,6.686781287193298,LTE_2.1G
EWC,10,KBS_KangNeung_LTE_2.1G.csv,MBC_DaeJeon_LTE_2.1G.csv,94.79562123616536,9.73630429044642,7.289723475774129,LTE_2.1G
EWC,10,KBS_KangNeung_LTE_2.1G.csv,KBS_DaeJeon_LTE_2.1G.csv,73.29642566045125,8.561333170742232,6.284514764944713,LTE_2.1G
EWC,10,KBS_KangNeung_LTE_2.1G.csv,CMB_DaeJeon_LTE_2.1G.csv,86.78538386027019,9.315867316587875,6.59475302696228,LTE_2.1G
EWC,10,KBS_KangNeung_LTE_2.1G.csv,MBC_ChungJu_LTE_2.1G.csv,154.44386545817056,12.427544627084249,8.677803675333658,LTE_2.1G
EWC,10,KBS_KangNeung_LTE_2.1G.csv,KBS_ChungJu_LTE_2.1G.csv,165.58812522888184,12.86810495872962,8.727300445238749,LTE_2.1G
EWC,10,KBS_KangNeung_LTE_2.1G.csv,KBS_main_LTE_2.1G.csv,60.39037768046061,7.771124608475958,5.918249090512593,LTE_2.1G
EWC,10,KBS_KangNeung_LTE_2.1G.csv,SBS_LTE_2.1G.csv,56.391366958618164,7.509418549968976,5.635713517665863,LTE_2.1G
EWC,10,KBS_KangNeung_LTE_2.1G.csv,MBC_sa_LTE_2.1G.csv,101.29813353220622,10.06469738900312,7.374134381612142,LTE_2.1G
EWC,10,KBS_KangNeung_LTE_2.1G.csv,KBS_KangNeung_LTE_2.1G.csv,177.97646458943686,13.340782008167169,10.207324584325155,LTE_2.1G
EWC,11,MBC_KangNeung_LTE_2.1G.csv,MBC_CheongJu_LTE_2.1G.csv,91.3534049987793,9.557897519788508,7.779635985692342,LTE_2.1G
EWC,11,MBC_KangNeung_LTE_2.1G.csv,Broad_CheongJu_LTE_2.1G.csv,95.82368914286296,9.788957510524957,7.85010560353597,LTE_2.1G
EWC,11,MBC_KangNeung_LTE_2.1G.csv,MBC_DaeJeon_LTE_2.1G.csv,90.7815767923991,9.527936649264577,7.539140899976094,LTE_2.1G
EWC,11,MBC_KangNeung_LTE_2.1G.csv,KBS_DaeJeon_LTE_2.1G.csv,77.07034301757812,8.778971637816023,6.893869916598002,LTE_2.1G
EWC,11,MBC_KangNeung_LTE_2.1G.csv,CMB_DaeJeon_LTE_2.1G.csv,94.75116157531738,9.73402083289929,7.45914626121521,LTE_2.1G
EWC,11,MBC_KangNeung_LTE_2.1G.csv,MBC_ChungJu_LTE_2.1G.csv,135.17572466532388,11.626509565012359,8.63880721728007,LTE_2.1G
EWC,11,MBC_KangNeung_LTE_2.1G.csv,KBS_ChungJu_LTE_2.1G.csv,142.65401649475098,11.943785685231923,8.472009539604187,LTE_2.1G
EWC,11,MBC_KangNeung_LTE_2.1G.csv,KBS_main_LTE_2.1G.csv,90.44040298461914,9.51001592977736,7.52333136399587,LTE_2.1G
EWC,11,MBC_KangNeung_LTE_2.1G.csv,SBS_LTE_2.1G.csv,82.91767644882202,9.10591436643361,7.178445557753245,LTE_2.1G
EWC,11,MBC_KangNeung_LTE_2.1G.csv,MBC_sa_LTE_2.1G.csv,113.17082818349202,10.6381778601174,8.324370543162027,LTE_2.1G
EWC,11,MBC_KangNeung_LTE_2.1G.csv,KBS_KangNeung_LTE_2.1G.csv,190.90785344441733,13.816940813523713,10.722158908843994,LTE_2.1G
EWC,11,MBC_KangNeung_LTE_2.1G.csv,MBC_KangNeung_LTE_2.1G.csv,186.76802190144858,13.666309739701079,11.368063847223917,LTE_2.1G
EWC,12,TBN_DaeGu_LTE_2.1G.csv,MBC_CheongJu_LTE_2.1G.csv,138.38989893595377,11.76392361994729,9.385892510414124,LTE_2.1G
EWC,12,TBN_DaeGu_LTE_2.1G.csv,Broad_CheongJu_LTE_2.1G.csv,172.1227060953776,13.119554340577945,10.650842428207397,LTE_2.1G
EWC,12,TBN_DaeGu_LTE_2.1G.csv,MBC_DaeJeon_LTE_2.1G.csv,241.95081837972006,15.554768348635735,12.933984915415445,LTE_2.1G
EWC,12,TBN_DaeGu_LTE_2.1G.csv,KBS_DaeJeon_LTE_2.1G.csv,200.81684366861978,14.170985980820804,11.790951172510782,LTE_2.1G
EWC,12,TBN_DaeGu_LTE_2.1G.csv,CMB_DaeJeon_LTE_2.1G.csv,192.00479380289713,13.856579440933363,11.194120327631632,LTE_2.1G
EWC,12,TBN_DaeGu_LTE_2.1G.csv,MBC_ChungJu_LTE_2.1G.csv,339.6463851928711,18.42949769236457,15.215515772501627,LTE_2.1G
EWC,12,TBN_DaeGu_LTE_2.1G.csv,KBS_ChungJu_LTE_2.1G.csv,352.9440053304036,18.786804021184754,15.441423813501993,LTE_2.1G
EWC,12,TBN_DaeGu_LTE_2.1G.csv,KBS_main_LTE_2.1G.csv,126.9999008178711,11.269423269088401,9.229163408279419,LTE_2.1G
EWC,12,TBN_DaeGu_LTE_2.1G.csv,SBS_LTE_2.1G.csv,131.39690589904785,11.46284894339308,9.553172826766968,LTE_2.1G
EWC,12,TBN_DaeGu_LTE_2.1G.csv,MBC_sa_LTE_2.1G.csv,216.41878827412924,14.71117902393038,11.953981240590414,LTE_2.1G
EWC,12,TBN_DaeGu_LTE_2.1G.csv,KBS_KangNeung_LTE_2.1G.csv,257.0385627746582,16.032422236663372,12.558798869450888,LTE_2.1G
EWC,12,TBN_DaeGu_LTE_2.1G.csv,MBC_KangNeung_LTE_2.1G.csv,189.04614702860513,13.74940533363553,10.359367370605469,LTE_2.1G
EWC,12,TBN_DaeGu_LTE_2.1G.csv,TBN_DaeGu_LTE_2.1G.csv,270.72752380371094,16.4537996767832,13.219102303187052,LTE_2.1G
EWC,13,TBC_DaeGu_LTE_2.1G.csv,MBC_CheongJu_LTE_2.1G.csv,144.9742005666097,12.040523267973436,9.754881739616394,LTE_2.1G
EWC,13,TBC_DaeGu_LTE_2.1G.csv,Broad_CheongJu_LTE_2.1G.csv,179.73858642578125,13.406662016541674,11.017999569574991,LTE_2.1G
EWC,13,TBC_DaeGu_LTE_2.1G.csv,MBC_DaeJeon_LTE_2.1G.csv,251.70134480794272,15.865098323298936,13.355693340301514,LTE_2.1G
EWC,13,TBC_DaeGu_LTE_2.1G.csv,KBS_DaeJeon_LTE_2.1G.csv,209.7252368927002,14.481893415320394,12.214648644129435,LTE_2.1G
EWC,13,TBC_DaeGu_LTE_2.1G.csv,CMB_DaeJeon_LTE_2.1G.csv,200.97268931070963,14.176483672290164,11.617974758148193,LTE_2.1G
EWC,13,TBC_DaeGu_LTE_2.1G.csv,MBC_ChungJu_LTE_2.1G.csv,353.0535125732422,18.789718267532436,15.680334011713663,LTE_2.1G
EWC,13,TBC_DaeGu_LTE_2.1G.csv,KBS_ChungJu_LTE_2.1G.csv,367.33809661865234,19.166066279199086,15.911250670750936,LTE_2.1G
EWC,13,TBC_DaeGu_LTE_2.1G.csv,KBS_main_LTE_2.1G.csv,132.1321652730306,11.49487560928915,9.495983163515726,LTE_2.1G
EWC,13,TBC_DaeGu_LTE_2.1G.csv,SBS_LTE_2.1G.csv,136.61700884501138,11.688327889181215,9.833707968393961,LTE_2.1G
EWC,13,TBC_DaeGu_LTE_2.1G.csv,MBC_sa_LTE_2.1G.csv,224.1161677042643,14.970509934677052,12.272787888844809,LTE_2.1G
EWC,13,TBC_DaeGu_LTE_2.1G.csv,KBS_KangNeung_LTE_2.1G.csv,265.6332244873047,16.29825832680611,12.824929078420004,LTE_2.1G
EWC,13,TBC_DaeGu_LTE_2.1G.csv,MBC_KangNeung_LTE_2.1G.csv,195.36197408040366,13.977194785807475,10.567629734675089,LTE_2.1G
EWC,13,TBC_DaeGu_LTE_2.1G.csv,TBN_DaeGu_LTE_2.1G.csv,282.7433738708496,16.81497469135323,13.670739571253458,LTE_2.1G
EWC,13,TBC_DaeGu_LTE_2.1G.csv,TBC_DaeGu_LTE_2.1G.csv,308.3660545349121,17.560354624406425,14.535242636998495,LTE_2.1G
EWC,14,JeonJu_Radio_LTE_2.1G.csv,MBC_CheongJu_LTE_2.1G.csv,94.2408348719279,9.707771879887162,7.072555780410767,LTE_2.1G
EWC,14,JeonJu_Radio_LTE_2.1G.csv,Broad_CheongJu_LTE_2.1G.csv,129.80631383260092,11.393257384637675,8.49753967920939,LTE_2.1G
EWC,14,JeonJu_Radio_LTE_2.1G.csv,MBC_DaeJeon_LTE_2.1G.csv,180.92986043294272,13.451017078010969,10.401194334030151,LTE_2.1G
EWC,14,JeonJu_Radio_LTE_2.1G.csv,KBS_DaeJeon_LTE_2.1G.csv,141.27003224690756,11.885707057087835,9.16575256983439,LTE_2.1G
EWC,14,JeonJu_Radio_LTE_2.1G.csv,CMB_DaeJeon_LTE_2.1G.csv,137.68457539876303,11.733907081563371,8.714674671490988,LTE_2.1G
EWC,14,JeonJu_Radio_LTE_2.1G.csv,MBC_ChungJu_LTE_2.1G.csv,245.33384450276694,15.663136483564426,11.808813889821371,LTE_2.1G
EWC,14,JeonJu_Radio_LTE_2.1G.csv,KBS_ChungJu_LTE_2.1G.csv,250.42438761393228,15.824802924963466,11.834892988204956,LTE_2.1G
EWC,14,JeonJu_Radio_LTE_2.1G.csv,KBS_main_LTE_2.1G.csv,82.74483394622803,9.096418742902507,7.086579998334249,LTE_2.1G
EWC,14,JeonJu_Radio_LTE_2.1G.csv,SBS_LTE_2.1G.csv,88.4226303100586,9.403330809349344,7.42257563273112,LTE_2.1G
EWC,14,JeonJu_Radio_LTE_2.1G.csv,MBC_sa_LTE_2.1G.csv,159.80421098073325,12.641369031111038,9.648947834968567,LTE_2.1G
EWC,14,JeonJu_Radio_LTE_2.1G.csv,KBS_KangNeung_LTE_2.1G.csv,195.706418355306,13.98951101201561,10.28239138921102,LTE_2.1G
EWC,14,JeonJu_Radio_LTE_2.1G.csv,MBC_KangNeung_LTE_2.1G.csv,141.02990277608237,11.875601154302984,8.589112798372904,LTE_2.1G
EWC,14,JeonJu_Radio_LTE_2.1G.csv,TBN_DaeGu_LTE_2.1G.csv,174.30241012573242,13.202363808262989,9.741152683893839,LTE_2.1G
EWC,14,JeonJu_Radio_LTE_2.1G.csv,TBC_DaeGu_LTE_2.1G.csv,193.30366325378418,13.903368773566505,10.220802664756775,LTE_2.1G
EWC,14,JeonJu_Radio_LTE_2.1G.csv,JeonJu_Radio_LTE_2.1G.csv,174.67172876993814,13.21634324501063,10.27693486213684,LTE_2.1G
EWC,15,KBS_JeonJu_LTE_2.1G.csv,MBC_CheongJu_LTE_2.1G.csv,91.97582213083903,9.590402605252766,6.915462851524353,LTE_2.1G
EWC,15,KBS_JeonJu_LTE_2.1G.csv,Broad_CheongJu_LTE_2.1G.csv,129.31915028889975,11.371857820466264,8.408008813858032,LTE_2.1G
EWC,15,KBS_JeonJu_LTE_2.1G.csv,MBC_DaeJeon_LTE_2.1G.csv,177.90118153889975,13.337960171589199,10.253014008204142,LTE_2.1G
EWC,15,KBS_JeonJu_LTE_2.1G.csv,KBS_DaeJeon_LTE_2.1G.csv,137.51332680384317,11.726607642615283,8.966371397177378,LTE_2.1G
EWC,15,KBS_JeonJu_LTE_2.1G.csv,CMB_DaeJeon_LTE_2.1G.csv,134.86221313476562,11.613019122293979,8.556840777397156,LTE_2.1G
EWC,15,KBS_JeonJu_LTE_2.1G.csv,MBC_ChungJu_LTE_2.1G.csv,237.66995239257812,15.416548005068389,11.524009704589844,LTE_2.1G
EWC,15,KBS_JeonJu_LTE_2.1G.csv,KBS_ChungJu_LTE_2.1G.csv,242.4092254638672,15.569496634890518,11.554855267206827,LTE_2.1G
EWC,15,KBS_JeonJu_LTE_2.1G.csv,KBS_main_LTE_2.1G.csv,78.39551226298015,8.854124025728359,6.877121686935425,LTE_2.1G
EWC,15,KBS_JeonJu_LTE_2.1G.csv,SBS_LTE_2.1G.csv,83.98988914489746,9.164599780945018,7.211373925209045,LTE_2.1G
EWC,15,KBS_JeonJu_LTE_2.1G.csv,MBC_sa_LTE_2.1G.csv,154.22163454691568,12.418600345728004,9.430407563845316,LTE_2.1G
EWC,15,KBS_JeonJu_LTE_2.1G.csv,KBS_KangNeung_LTE_2.1G.csv,190.9541130065918,13.818614728206,10.06191349029541,LTE_2.1G
EWC,15,KBS_JeonJu_LTE_2.1G.csv,MBC_KangNeung_LTE_2.1G.csv,136.28665161132812,11.674187406895957,8.456041932106018,LTE_2.1G
EWC,15,KBS_JeonJu_LTE_2.1G.csv,TBN_DaeGu_LTE_2.1G.csv,168.08894856770834,12.964912208253025,9.515531460444132,LTE_2.1G
EWC,15,KBS_JeonJu_LTE_2.1G.csv,TBC_DaeGu_LTE_2.1G.csv,189.81756178538004,13.777429433148262,10.120737195014954,LTE_2.1G
EWC,15,KBS_JeonJu_LTE_2.1G.csv,JeonJu_Radio_LTE_2.1G.csv,169.42695999145508,13.016411179409442,10.036062796910604,LTE_2.1G
EWC,15,KBS_JeonJu_LTE_2.1G.csv,KBS_JeonJu_LTE_2.1G.csv,147.1835174560547,12.131921424739557,9.498137712478638,LTE_2.1G
EWC,16,KBS_MokPo_LTE_2.1G.csv,MBC_CheongJu_LTE_2.1G.csv,95.05492305755615,9.749611431106173,7.61857024828593,LTE_2.1G
EWC,16,KBS_MokPo_LTE_2.1G.csv,Broad_CheongJu_LTE_2.1G.csv,125.22174580891927,11.190252267438803,8.427888035774231,LTE_2.1G
EWC,16,KBS_MokPo_LTE_2.1G.csv,MBC_DaeJeon_LTE_2.1G.csv,145.2456900278727,12.051791984094013,9.317118247350058,LTE_2.1G
EWC,16,KBS_MokPo_LTE_2.1G.csv,KBS_DaeJeon_LTE_2.1G.csv,118.54416370391846,10.88779884567668,8.343076149622599,LTE_2.1G
EWC,16,KBS_MokPo_LTE_2.1G.csv,CMB_DaeJeon_LTE_2.1G.csv,121.16404024759929,11.007453849442172,8.221943577130636,LTE_2.1G
EWC,16,KBS_MokPo_LTE_2.1G.csv,MBC_ChungJu_LTE_2.1G.csv,199.20327123006186,14.11393889848124,10.55338708559672,LTE_2.1G
EWC,16,KBS_MokPo_LTE_2.1G.csv,KBS_ChungJu_LTE_2.1G.csv,206.5534553527832,14.371967692448491,10.737941900889078,LTE_2.1G
EWC,16,KBS_MokPo_LTE_2.1G.csv,KBS_main_LTE_2.1G.csv,72.82491620381673,8.53375159023373,6.8097569942474365,LTE_2.1G
EWC,16,KBS_MokPo_LTE_2.1G.csv,SBS_LTE_2.1G.csv,76.72218036651611,8.759119839716552,6.996399720509847,LTE_2.1G
EWC,16,KBS_MokPo_LTE_2.1G.csv,MBC_sa_LTE_2.1G.csv,129.0678825378418,11.360804660667386,8.750736792882284,LTE_2.1G
EWC,16,KBS_MokPo_LTE_2.1G.csv,KBS_KangNeung_LTE_2.1G.csv,174.56196212768555,13.212189906585719,9.366881370544434,LTE_2.1G
EWC,16,KBS_MokPo_LTE_2.1G.csv,MBC_KangNeung_LTE_2.1G.csv,118.5703239440918,10.889000135186508,8.174546321233114,LTE_2.1G
EWC,16,KBS_MokPo_LTE_2.1G.csv,TBN_DaeGu_LTE_2.1G.csv,178.00446192423502,13.341831280758838,9.74799625078837,LTE_2.1G
EWC,16,KBS_MokPo_LTE_2.1G.csv,TBC_DaeGu_LTE_2.1G.csv,228.0718790690104,15.102048836797291,10.920645395914713,LTE_2.1G
EWC,16,KBS_MokPo_LTE_2.1G.csv,JeonJu_Radio_LTE_2.1G.csv,136.3091163635254,11.675149522105718,9.305751005808512,LTE_2.1G
EWC,16,KBS_MokPo_LTE_2.1G.csv,KBS_JeonJu_LTE_2.1G.csv,120.95528920491536,10.997967503357852,8.844518423080444,LTE_2.1G
EWC,16,KBS_MokPo_LTE_2.1G.csv,KBS_MokPo_LTE_2.1G.csv,65.59531370798747,8.099093388027297,6.30129337310791,LTE_2.1G
EWC,17,KBS_SunCheon_LTE_2.1G.csv,MBC_CheongJu_LTE_2.1G.csv,75.57277743021648,8.693260460277058,6.971577564875285,LTE_2.1G
EWC,17,KBS_SunCheon_LTE_2.1G.csv,Broad_CheongJu_LTE_2.1G.csv,81.3479118347168,9.019307724804426,7.2303944031397505,LTE_2.1G
EWC,17,KBS_SunCheon_LTE_2.1G.csv,MBC_DaeJeon_LTE_2.1G.csv,97.13834190368652,9.855878545501994,8.010206580162048,LTE_2.1G
EWC,17,KBS_SunCheon_LTE_2.1G.csv,KBS_DaeJeon_LTE_2.1G.csv,77.88396739959717,8.825189369050229,7.1675470272699995,LTE_2.1G
EWC,17,KBS_SunCheon_LTE_2.1G.csv,CMB_DaeJeon_LTE_2.1G.csv,84.36685752868652,9.185143304744162,7.2849762837092085,LTE_2.1G
EWC,17,KBS_SunCheon_LTE_2.1G.csv,MBC_ChungJu_LTE_2.1G.csv,130.06471506754556,11.404591841339416,8.932162761688232,LTE_2.1G
EWC,17,KBS_SunCheon_LTE_2.1G.csv,KBS_ChungJu_LTE_2.1G.csv,138.70450655619302,11.777287741929083,9.133334080378214,LTE_2.1G
EWC,17,KBS_SunCheon_LTE_2.1G.csv,KBS_main_LTE_2.1G.csv,57.519906997680664,7.584187959015828,5.917383472124736,LTE_2.1G
EWC,17,KBS_SunCheon_LTE_2.1G.csv,SBS_LTE_2.1G.csv,57.10375213623047,7.556702464450382,5.89202751715978,LTE_2.1G
EWC,17,KBS_SunCheon_LTE_2.1G.csv,MBC_sa_LTE_2.1G.csv,93.17399613062541,9.65266782452527,7.4014853437741595,LTE_2.1G
EWC,17,KBS_SunCheon_LTE_2.1G.csv,KBS_KangNeung_LTE_2.1G.csv,187.19793065388998,13.682029478622313,10.92977205912272,LTE_2.1G
EWC,17,KBS_SunCheon_LTE_2.1G.csv,MBC_KangNeung_LTE_2.1G.csv,190.03216425577799,13.785215422900652,11.649192174275717,LTE_2.1G
EWC,17,KBS_SunCheon_LTE_2.1G.csv,TBN_DaeGu_LTE_2.1G.csv,101.44021352132161,10.071753249624496,7.702037890752156,LTE_2.1G
EWC,17,KBS_SunCheon_LTE_2.1G.csv,TBC_DaeGu_LTE_2.1G.csv,109.0834223429362,10.44430095041962,8.045735478401184,LTE_2.1G
EWC,17,KBS_SunCheon_LTE_2.1G.csv,JeonJu_Radio_LTE_2.1G.csv,93.47546768188477,9.668271183716598,7.722338875134786,LTE_2.1G
EWC,17,KBS_SunCheon_LTE_2.1G.csv,KBS_JeonJu_LTE_2.1G.csv,88.92491467793782,9.43000077825754,7.5806271235148115,LTE_2.1G
EWC,17,KBS_SunCheon_LTE_2.1G.csv,KBS_MokPo_LTE_2.1G.csv,76.21831893920898,8.730310357553675,7.181171019872029,LTE_2.1G
EWC,17,KBS_SunCheon_LTE_2.1G.csv,KBS_SunCheon_LTE_2.1G.csv,213.06244723002115,14.596658769390382,11.286359548568726,LTE_2.1G
EWC,18,KBS_GwangJu_LTE_2.1G.csv,MBC_CheongJu_LTE_2.1G.csv,106.08998616536458,10.299999328415735,8.574440479278564,LTE_2.1G
EWC,18,KBS_GwangJu_LTE_2.1G.csv,Broad_CheongJu_LTE_2.1G.csv,101.56550852457683,10.077971448886766,8.36495327949524,LTE_2.1G
EWC,18,KBS_GwangJu_LTE_2.1G.csv,MBC_DaeJeon_LTE_2.1G.csv,102.32666714986165,10.115664444309214,8.415398557980856,LTE_2.1G
EWC,18,KBS_GwangJu_LTE_2.1G.csv,KBS_DaeJeon_LTE_2.1G.csv,92.5115426381429,9.61829208529991,7.9320264259974165,LTE_2.1G
EWC,18,KBS_GwangJu_LTE_2.1G.csv,CMB_DaeJeon_LTE_2.1G.csv,105.25516001383464,10.25939374494588,8.483747164408365,LTE_2.1G
EWC,18,KBS_GwangJu_LTE_2.1G.csv,MBC_ChungJu_LTE_2.1G.csv,127.67139625549316,11.299176795479092,9.27490758895874,LTE_2.1G
EWC,18,KBS_GwangJu_LTE_2.1G.csv,KBS_ChungJu_LTE_2.1G.csv,133.52262242635092,11.555198934953518,9.341721773147583,LTE_2.1G
EWC,18,KBS_GwangJu_LTE_2.1G.csv,KBS_main_LTE_2.1G.csv,84.87053044637044,9.212520309142903,7.391271352767944,LTE_2.1G
EWC,18,KBS_GwangJu_LTE_2.1G.csv,SBS_LTE_2.1G.csv,83.03543853759766,9.11237831400769,7.26085497935613,LTE_2.1G
EWC,18,KBS_GwangJu_LTE_2.1G.csv,MBC_sa_LTE_2.1G.csv,106.27952861785889,10.309196312897475,8.139423847198486,LTE_2.1G
EWC,18,KBS_GwangJu_LTE_2.1G.csv,KBS_KangNeung_LTE_2.1G.csv,216.2448272705078,14.705265290721817,11.864976485570272,LTE_2.1G
EWC,18,KBS_GwangJu_LTE_2.1G.csv,MBC_KangNeung_LTE_2.1G.csv,235.47421391805014,15.345169074273835,13.060606559117636,LTE_2.1G
EWC,18,KBS_GwangJu_LTE_2.1G.csv,TBN_DaeGu_LTE_2.1G.csv,118.02579053243001,10.86396753181958,8.866665124893188,LTE_2.1G
EWC,18,KBS_GwangJu_LTE_2.1G.csv,TBC_DaeGu_LTE_2.1G.csv,121.14176495869954,11.006441975438726,8.951782743136087,LTE_2.1G
EWC,18,KBS_GwangJu_LTE_2.1G.csv,JeonJu_Radio_LTE_2.1G.csv,100.59620539347331,10.029765969028057,8.104823470115662,LTE_2.1G
EWC,18,KBS_GwangJu_LTE_2.1G.csv,KBS_JeonJu_LTE_2.1G.csv,102.10089047749837,10.104498526770064,8.171478947003683,LTE_2.1G
EWC,18,KBS_GwangJu_LTE_2.1G.csv,KBS_MokPo_LTE_2.1G.csv,109.36822827657063,10.457926576361618,8.71279545625051,LTE_2.1G
EWC,18,KBS_GwangJu_LTE_2.1G.csv,KBS_SunCheon_LTE_2.1G.csv,189.85927963256836,13.778943342381822,10.965304772059122,LTE_2.1G
EWC,18,KBS_GwangJu_LTE_2.1G.csv,KBS_GwangJu_LTE_2.1G.csv,102.04573313395183,10.101768812141358,8.318996826807657,LTE_2.1G
LwF,0,MBC_CheongJu_LTE_2.1G.csv,MBC_CheongJu_LTE_2.1G.csv,54.22708717981974,7.363904343472948,5.204434275627136,LTE_2.1G
LwF,1,Broad_CheongJu_LTE_2.1G.csv,MBC_CheongJu_LTE_2.1G.csv,54.99223248163859,7.415674782623533,5.424461285273234,LTE_2.1G
LwF,1,Broad_CheongJu_LTE_2.1G.csv,Broad_CheongJu_LTE_2.1G.csv,63.26673952738444,7.954039195741019,5.803816596666972,LTE_2.1G
LwF,2,MBC_DaeJeon_LTE_2.1G.csv,MBC_CheongJu_LTE_2.1G.csv,59.39651425679525,7.7069134065976925,5.699264963467916,LTE_2.1G
LwF,2,MBC_DaeJeon_LTE_2.1G.csv,Broad_CheongJu_LTE_2.1G.csv,62.69776709874471,7.918192161014073,5.852474709351857,LTE_2.1G
LwF,2,MBC_DaeJeon_LTE_2.1G.csv,MBC_DaeJeon_LTE_2.1G.csv,74.56345558166504,8.63501335156264,6.439106345176697,LTE_2.1G
LwF,3,KBS_DaeJeon_LTE_2.1G.csv,MBC_CheongJu_LTE_2.1G.csv,63.519477208455406,7.969910740306657,5.951186140378316,LTE_2.1G
LwF,3,KBS_DaeJeon_LTE_2.1G.csv,Broad_CheongJu_LTE_2.1G.csv,63.691505432128906,7.980695798746429,5.926072994867961,LTE_2.1G
LwF,3,KBS_DaeJeon_LTE_2.1G.csv,MBC_DaeJeon_LTE_2.1G.csv,72.38930861155193,8.508190677902789,6.357952078183492,LTE_2.1G
LwF,3,KBS_DaeJeon_LTE_2.1G.csv,KBS_DaeJeon_LTE_2.1G.csv,54.184093634287514,7.36098455604191,5.410118619600932,LTE_2.1G
LwF,4,CMB_DaeJeon_LTE_2.1G.csv,MBC_CheongJu_LTE_2.1G.csv,62.15585168202718,7.8838982541650795,5.88498322168986,LTE_2.1G
LwF,4,CMB_DaeJeon_LTE_2.1G.csv,Broad_CheongJu_LTE_2.1G.csv,63.09456014633179,7.943208428987105,5.871769706408183,LTE_2.1G
LwF,4,CMB_DaeJeon_LTE_2.1G.csv,MBC_DaeJeon_LTE_2.1G.csv,74.29625129699707,8.6195273244533,6.450639208157857,LTE_2.1G
LwF,4,CMB_DaeJeon_LTE_2.1G.csv,KBS_DaeJeon_LTE_2.1G.csv,54.63600778579712,7.391617399852154,5.421025534470876,LTE_2.1G
LwF,4,CMB_DaeJeon_LTE_2.1G.csv,CMB_DaeJeon_LTE_2.1G.csv,64.24614334106445,8.015369195555776,5.74695881207784,LTE_2.1G
LwF,5,MBC_ChungJu_LTE_2.1G.csv,MBC_CheongJu_LTE_2.1G.csv,69.23871421813965,8.32098036400397,6.4510611693064375,LTE_2.1G
LwF,5,MBC_ChungJu_LTE_2.1G.csv,Broad_CheongJu_LTE_2.1G.csv,66.54168351491292,8.157308595052227,6.30977741877238,LTE_2.1G
LwF,5,MBC_ChungJu_LTE_2.1G.csv,MBC_DaeJeon_LTE_2.1G.csv,72.38746865590413,8.508082548724133,6.63690459728241,LTE_2.1G
LwF,5,MBC_ChungJu_LTE_2.1G.csv,KBS_DaeJeon_LTE_2.1G.csv,56.536675135294594,7.51908738712981,5.767531434694926,LTE_2.1G
LwF,5,MBC_ChungJu_LTE_2.1G.csv,CMB_DaeJeon_LTE_2.1G.csv,66.63820807139079,8.163222897323752,6.134465058644612,LTE_2.1G
LwF,5,MBC_ChungJu_LTE_2.1G.csv,MBC_ChungJu_LTE_2.1G.csv,111.73513285319011,10.570484040628893,7.6137858629226685,LTE_2.1G
LwF,6,KBS_ChungJu_LTE_2.1G.csv,MBC_CheongJu_LTE_2.1G.csv,80.06085141499837,8.94767296088756,7.132330814997355,LTE_2.1G
LwF,6,KBS_ChungJu_LTE_2.1G.csv,Broad_CheongJu_LTE_2.1G.csv,73.31237554550171,8.562264627159202,6.806217749913533,LTE_2.1G
LwF,6,KBS_ChungJu_LTE_2.1G.csv,MBC_DaeJeon_LTE_2.1G.csv,73.44750277201335,8.570151852331051,6.794201771418254,LTE_2.1G
LwF,6,KBS_ChungJu_LTE_2.1G.csv,KBS_DaeJeon_LTE_2.1G.csv,59.86124006907145,7.737004592804081,6.04823084672292,LTE_2.1G
LwF,6,KBS_ChungJu_LTE_2.1G.csv,CMB_DaeJeon_LTE_2.1G.csv,71.1142930984497,8.432929093645322,6.463175058364868,LTE_2.1G
LwF,6,KBS_ChungJu_LTE_2.1G.csv,MBC_ChungJu_LTE_2.1G.csv,105.92888832092285,10.292176073159789,7.571022272109985,LTE_2.1G
LwF,6,KBS_ChungJu_LTE_2.1G.csv,KBS_ChungJu_LTE_2.1G.csv,121.36985778808594,11.016798890244205,7.657149871190389,LTE_2.1G
LwF,7,KBS_main_LTE_2.1G.csv,MBC_CheongJu_LTE_2.1G.csv,72.21125157674153,8.49772037529722,7.045819918314616,LTE_2.1G
LwF,7,KBS_main_LTE_2.1G.csv,Broad_CheongJu_LTE_2.1G.csv,72.17739137013753,8.495727830512083,6.848962227503459,LTE_2.1G
LwF,7,KBS_main_LTE_2.1G.csv,MBC_DaeJeon_LTE_2.1G.csv,77.96196937561035,8.829607543691303,7.067688465118408,LTE_2.1G
LwF,7,KBS_main_LTE_2.1G.csv,KBS_DaeJeon_LTE_2.1G.csv,62.82390467325846,7.926153207783613,6.420069177945455,LTE_2.1G
LwF,7,KBS_main_LTE_2.1G.csv,CMB_DaeJeon_LTE_2.1G.csv,74.32580629984538,8.62124157530952,6.806127508481343,LTE_2.1G
LwF,7,KBS_main_LTE_2.1G.csv,MBC_ChungJu_LTE_2.1G.csv,114.29596900939941,10.690929286521326,8.000906904538473,LTE_2.1G
LwF,7,KBS_main_LTE_2.1G.csv,KBS_ChungJu_LTE_2.1G.csv,129.43245697021484,11.3768386193272,8.05799118677775,LTE_2.1G
LwF,7,KBS_main_LTE_2.1G.csv,KBS_main_LTE_2.1G.csv,59.06666787465414,7.685484231631351,5.950538357098897,LTE_2.1G
LwF,8,SBS_LTE_2.1G.csv,MBC_CheongJu_LTE_2.1G.csv,60.30231475830078,7.765456506754821,6.171119054158528,LTE_2.1G
LwF,8,SBS_LTE_2.1G.csv,Broad_CheongJu_LTE_2.1G.csv,66.45911693572998,8.15224612825999,6.335297425587972,LTE_2.1G
LwF,8,SBS_LTE_2.1G.csv,MBC_DaeJeon_LTE_2.1G.csv,79.95696830749512,8.941866041688117,7.025063832600911,LTE_2.1G
LwF,8,SBS_LTE_2.1G.csv,KBS_DaeJeon_LTE_2.1G.csv,61.19038200378418,7.8224281398926365,6.157056450843811,LTE_2.1G
LwF,8,SBS_LTE_2.1G.csv,CMB_DaeJeon_LTE_2.1G.csv,70.22661590576172,8.380132212904622,6.371612151463826,LTE_2.1G
LwF,8,SBS_LTE_2.1G.csv,MBC_ChungJu_LTE_2.1G.csv,122.96768379211426,11.089079483533078,7.992953618367513,LTE_2.1G
LwF,8,SBS_LTE_2.1G.csv,KBS_ChungJu_LTE_2.1G.csv,140.44703928629556,11.851035367692376,8.148847937583923,LTE_2.1G
LwF,8,SBS_LTE_2.1G.csv,KBS_main_LTE_2.1G.csv,46.60686111450195,6.826921789100997,5.121725559234619,LTE_2.1G
LwF,8,SBS_LTE_2.1G.csv,SBS_LTE_2.1G.csv,42.675235748291016,6.532628548164285,4.8672903180122375,LTE_2.1G
LwF,9,MBC_sa_LTE_2.1G.csv,MBC_CheongJu_LTE_2.1G.csv,59.32482083638509,7.702260761385912,6.089247107505798,LTE_2.1G
LwF,9,MBC_sa_LTE_2.1G.csv,Broad_CheongJu_LTE_2.1G.csv,64.85507710774739,8.053264996741843,6.235375642776489,LTE_2.1G
LwF,9,MBC_sa_LTE_2.1G.csv,MBC_DaeJeon_LTE_2.1G.csv,77.40748977661133,8.798152634309735,6.946547031402588,LTE_2.1G
LwF,9,MBC_sa_LTE_2.1G.csv,KBS_DaeJeon_LTE_2.1G.csv,61.55267747243246,7.845551444763616,6.156768242518107,LTE_2.1G
LwF,9,MBC_sa_LTE_2.1G.csv,CMB_DaeJeon_LTE_2.1G.csv,68.27568117777507,8.262909970329767,6.3254090547561646,LTE_2.1G
LwF,9,MBC_sa_LTE_2.1G.csv,MBC_ChungJu_LTE_2.1G.csv,120.94658915201823,10.99757196621228,7.9626500606536865,LTE_2.1G
LwF,9,MBC_sa_LTE_2.1G.csv,KBS_ChungJu_LTE_2.1G.csv,140.1873435974121,11.84007363141852,8.185861309369406,LTE_2.1G
LwF,9,MBC_sa_LTE_2.1G.csv,KBS_main_LTE_2.1G.csv,44.76999028523763,6.691038057374778,5.03256098429362,LTE_2.1G
LwF,9,MBC_sa_LTE_2.1G.csv,SBS_LTE_2.1G.csv,41.01610271135966,6.404381524500212,4.737960358460744,LTE_2.1G
LwF,9,MBC_sa_LTE_2.1G.csv,MBC_sa_LTE_2.1G.csv,77.9419428507487,8.828473415644899,6.388044675191243,LTE_2.1G
LwF,10,KBS_KangNeung_LTE_2.1G.csv,MBC_CheongJu_LTE_2.1G.csv,76.13007418314616,8.725254963790237,7.191312472025554,LTE_2.1G
LwF,10,KBS_KangNeung_LTE_2.1G.csv,Broad_CheongJu_LTE_2.1G.csv,75.03734270731609,8.662409751755922,6.981684525807698,LTE_2.1G
LwF,10,KBS_KangNeung_LTE_2.1G.csv,MBC_DaeJeon_LTE_2.1G.csv,77.34748458862305,8.7947418716312,7.020939588546753,LTE_2.1G
LwF,10,KBS_KangNeung_LTE_2.1G.csv,KBS_DaeJeon_LTE_2.1G.csv,64.33601729075114,8.02097358746126,6.468407432238261,LTE_2.1G
LwF,10,KBS_KangNeung_LTE_2.1G.csv,CMB_DaeJeon_LTE_2.1G.csv,72.75423940022786,8.52960956903819,6.693586150805156,LTE_2.1G
LwF,10,KBS_KangNeung_LTE_2.1G.csv,MBC_ChungJu_LTE_2.1G.csv,110.82470003763835,10.527331097559264,7.899006366729736,LTE_2.1G
LwF,10,KBS_KangNeung_LTE_2.1G.csv,KBS_ChungJu_LTE_2.1G.csv,124.31042798360188,11.149458640831037,7.9966006676356,LTE_2.1G
LwF,10,KBS_KangNeung_LTE_2.1G.csv,KBS_main_LTE_2.1G.csv,67.60911687215169,8.222476322383159,6.506698091824849,LTE_2.1G
LwF,10,KBS_KangNeung_LTE_2.1G.csv,SBS_LTE_2.1G.csv,59.77243653933207,7.731263579734691,6.080568969249725,LTE_2.1G
LwF,10,KBS_KangNeung_LTE_2.1G.csv,MBC_sa_LTE_2.1G.csv,91.58863385518391,9.570195079264785,7.4460586706797285,LTE_2.1G
LwF,10,KBS_KangNeung_LTE_2.1G.csv,KBS_KangNeung_LTE_2.1G.csv,114.98344262440999,10.723033275356837,8.282440066337585,LTE_2.1G
LwF,11,MBC_KangNeung_LTE_2.1G.csv,MBC_CheongJu_LTE_2.1G.csv,96.5116647084554,9.824035052281491,8.404886643091837,LTE_2.1G
LwF,11,MBC_KangNeung_LTE_2.1G.csv,Broad_CheongJu_LTE_2.1G.csv,90.79433663686116,9.528606227400793,7.917663772900899,LTE_2.1G
LwF,11,MBC_KangNeung_LTE_2.1G.csv,MBC_DaeJeon_LTE_2.1G.csv,87.14260037740071,9.335020105891616,7.680532058080037,LTE_2.1G
LwF,11,MBC_KangNeung_LTE_2.1G.csv,KBS_DaeJeon_LTE_2.1G.csv,78.62602361043294,8.867131645037922,7.394037286440532,LTE_2.1G
LwF,11,MBC_KangNeung_LTE_2.1G.csv,CMB_DaeJeon_LTE_2.1G.csv,88.02900060017903,9.382377129500766,7.742825031280518,LTE_2.1G
LwF,11,MBC_KangNeung_LTE_2.1G.csv,MBC_ChungJu_LTE_2.1G.csv,106.98270734151204,10.34324452681614,8.174963593482971,LTE_2.1G
LwF,11,MBC_KangNeung_LTE_2.1G.csv,KBS_ChungJu_LTE_2.1G.csv,115.82096290588379,10.762014816282488,8.168096939722696,LTE_2.1G
LwF,11,MBC_KangNeung_LTE_2.1G.csv,KBS_main_LTE_2.1G.csv,85.38199170430501,9.240237643280881,7.597502827644348,LTE_2.1G
LwF,11,MBC_KangNeung_LTE_2.1G.csv,SBS_LTE_2.1G.csv,78.63525867462158,8.867652376735434,7.236473838488261,LTE_2.1G
LwF,11,MBC_KangNeung_LTE_2.1G.csv,MBC_sa_LTE_2.1G.csv,104.01829783121745,10.198936112713788,8.19825530052185,LTE_2.1G
LwF,11,MBC_KangNeung_LTE_2.1G.csv,KBS_KangNeung_LTE_2.1G.csv,99.35453987121582,9.967674747463212,7.919594883918762,LTE_2.1G
LwF,11,MBC_KangNeung_LTE_2.1G.csv,MBC_KangNeung_LTE_2.1G.csv,79.5727186203003,8.920354175720844,7.418572545051575,LTE_2.1G
LwF,12,TBN_DaeGu_LTE_2.1G.csv,MBC_CheongJu_LTE_2.1G.csv,195.32989851633707,13.97604731375567,9.23115853468577,LTE_2.1G
LwF,12,TBN_DaeGu_LTE_2.1G.csv,Broad_CheongJu_LTE_2.1G.csv,238.5631217956543,15.44548871987074,10.161221106847128,LTE_2.1G
LwF,12,TBN_DaeGu_LTE_2.1G.csv,MBC_DaeJeon_LTE_2.1G.csv,282.6172472635905,16.811223847881823,12.067979653676352,LTE_2.1G
LwF,12,TBN_DaeGu_LTE_2.1G.csv,KBS_DaeJeon_LTE_2.1G.csv,257.40169445673627,16.043743156032395,10.912574172019958,LTE_2.1G
LwF,12,TBN_DaeGu_LTE_2.1G.csv,CMB_DaeJeon_LTE_2.1G.csv,251.2178726196289,15.849854025183605,10.345739801724752,LTE_2.1G
LwF,12,TBN_DaeGu_LTE_2.1G.csv,MBC_ChungJu_LTE_2.1G.csv,317.7190653483073,17.824675743146276,12.511623541514078,LTE_2.1G
LwF,12,TBN_DaeGu_LTE_2.1G.csv,KBS_ChungJu_LTE_2.1G.csv,297.5208689371745,17.248793260317502,12.244869073232016,LTE_2.1G
LwF,12,TBN_DaeGu_LTE_2.1G.csv,KBS_main_LTE_2.1G.csv,297.3149706522624,17.24282374358279,11.45168932278951,LTE_2.1G
LwF,12,TBN_DaeGu_LTE_2.1G.csv,SBS_LTE_2.1G.csv,319.04232660929364,17.861755977766958,12.068753163019815,LTE_2.1G
LwF,12,TBN_DaeGu_LTE_2.1G.csv,MBC_sa_LTE_2.1G.csv,369.79926617940265,19.230165526573156,13.570137659708658,LTE_2.1G
LwF,12,TBN_DaeGu_LTE_2.1G.csv,KBS_KangNeung_LTE_2.1G.csv,591.9339294433594,24.329692341732546,18.94483248392741,LTE_2.1G
LwF,12,TBN_DaeGu_LTE_2.1G.csv,MBC_KangNeung_LTE_2.1G.csv,657.6139780680338,25.643985222036644,20.16991392771403,LTE_2.1G
LwF,12,TBN_DaeGu_LTE_2.1G.csv,TBN_DaeGu_LTE_2.1G.csv,301.8122978210449,17.37274583423832,12.018959681193033,LTE_2.1G
LwF,13,TBC_DaeGu_LTE_2.1G.csv,MBC_CheongJu_LTE_2.1G.csv,73.83486715952556,8.592721755039294,6.567460298538208,LTE_2.1G
LwF,13,TBC_DaeGu_LTE_2.1G.csv,Broad_CheongJu_LTE_2.1G.csv,88.29544385274251,9.396565534957041,7.03054936726888,LTE_2.1G
LwF,13,TBC_DaeGu_LTE_2.1G.csv,MBC_DaeJeon_LTE_2.1G.csv,109.4753303527832,10.463045940488993,8.113776246706644,LTE_2.1G
LwF,13,TBC_DaeGu_LTE_2.1G.csv,KBS_DaeJeon_LTE_2.1G.csv,91.03520790735881,9.541237231478883,7.268722256024678,LTE_2.1G
LwF,13,TBC_DaeGu_LTE_2.1G.csv,CMB_DaeJeon_LTE_2.1G.csv,96.09186426798503,9.80264577897136,7.100178837776184,LTE_2.1G
LwF,13,TBC_DaeGu_LTE_2.1G.csv,MBC_ChungJu_LTE_2.1G.csv,159.2589480082194,12.619783992137876,9.1390540599823,LTE_2.1G
LwF,13,TBC_DaeGu_LTE_2.1G.csv,KBS_ChungJu_LTE_2.1G.csv,164.5957736968994,12.829488442525657,9.178993066151937,LTE_2.1G
LwF,13,TBC_DaeGu_LTE_2.1G.csv,KBS_main_LTE_2.1G.csv,76.44509665171306,8.743288663409956,6.749119997024536,LTE_2.1G
LwF,13,TBC_DaeGu_LTE_2.1G.csv,SBS_LTE_2.1G.csv,78.13888104756673,8.83961996058466,6.785498181978862,LTE_2.1G
LwF,13,TBC_DaeGu_LTE_2.1G.csv,MBC_sa_LTE_2.1G.csv,124.94591522216797,11.177920881012174,8.472613354523977,LTE_2.1G
LwF,13,TBC_DaeGu_LTE_2.1G.csv,KBS_KangNeung_LTE_2.1G.csv,131.6303742726644,11.473028121322827,8.15517282485962,LTE_2.1G
LwF,13,TBC_DaeGu_LTE_2.1G.csv,MBC_KangNeung_LTE_2.1G.csv,103.81331443786621,10.188881903225015,7.36163345972697,LTE_2.1G
LwF,13,TBC_DaeGu_LTE_2.1G.csv,TBN_DaeGu_LTE_2.1G.csv,128.32772890726724,11.328182948172547,8.017854690551758,LTE_2.1G
LwF,13,TBC_DaeGu_LTE_2.1G.csv,TBC_DaeGu_LTE_2.1G.csv,143.00759760538736,11.958578410722044,8.498523434003195,LTE_2.1G
LwF,14,JeonJu_Radio_LTE_2.1G.csv,MBC_CheongJu_LTE_2.1G.csv,69.48596159617107,8.335823990234623,6.9121841589609785,LTE_2.1G
LwF,14,JeonJu_Radio_LTE_2.1G.csv,Broad_CheongJu_LTE_2.1G.csv,76.21590932210286,8.730172353516444,7.063574234644572,LTE_2.1G
LwF,14,JeonJu_Radio_LTE_2.1G.csv,MBC_DaeJeon_LTE_2.1G.csv,81.34591992696126,9.019197299480773,7.331099073092143,LTE_2.1G
LwF,14,JeonJu_Radio_LTE_2.1G.csv,KBS_DaeJeon_LTE_2.1G.csv,69.41341368357341,8.331471279646435,6.835142493247986,LTE_2.1G
LwF,14,JeonJu_Radio_LTE_2.1G.csv,CMB_DaeJeon_LTE_2.1G.csv,75.20030911763509,8.671811178619786,6.898220260938008,LTE_2.1G
LwF,14,JeonJu_Radio_LTE_2.1G.csv,MBC_ChungJu_LTE_2.1G.csv,115.10843340555827,10.728859837166215,8.172048131624857,LTE_2.1G
LwF,14,JeonJu_Radio_LTE_2.1G.csv,KBS_ChungJu_LTE_2.1G.csv,126.50417009989421,11.24740726122666,8.348532398541769,LTE_2.1G
LwF,14,JeonJu_Radio_LTE_2.1G.csv,KBS_main_LTE_2.1G.csv,56.362500508626304,7.507496287619881,6.031236847241719,LTE_2.1G
LwF,14,JeonJu_Radio_LTE_2.1G.csv,SBS_LTE_2.1G.csv,52.27100268999735,7.229868787882485,5.738830765088399,LTE_2.1G
LwF,14,JeonJu_Radio_LTE_2.1G.csv,MBC_sa_LTE_2.1G.csv,87.95419915517171,9.378390008694014,7.3197477261225385,LTE_2.1G
LwF,14,JeonJu_Radio_LTE_2.1G.csv,KBS_KangNeung_LTE_2.1G.csv,133.55706278483072,11.556689092678349,9.188095013300577,LTE_2.1G
LwF,14,JeonJu_Radio_LTE_2.1G.csv,MBC_KangNeung_LTE_2.1G.csv,124.77370198567708,11.170214948051674,9.432418584823608,LTE_2.1G
LwF,14,JeonJu_Radio_LTE_2.1G.csv,TBN_DaeGu_LTE_2.1G.csv,96.80596605936687,9.839002289834415,7.2237134377161665,LTE_2.1G
LwF,14,JeonJu_Radio_LTE_2.1G.csv,TBC_DaeGu_LTE_2.1G.csv,98.96716594696045,9.948224260990523,7.370665073394775,LTE_2.1G
LwF,14,JeonJu_Radio_LTE_2.1G.csv,JeonJu_Radio_LTE_2.1G.csv,79.7883186340332,8.932430723718667,7.2155503034591675,LTE_2.1G
LwF,15,KBS_JeonJu_LTE_2.1G.csv,MBC_CheongJu_LTE_2.1G.csv,62.21386750539144,7.887576782852351,6.385814388593038,LTE_2.1G
LwF,15,KBS_JeonJu_LTE_2.1G.csv,Broad_CheongJu_LTE_2.1G.csv,70.33586533864339,8.386648039511577,6.711229642232259,LTE_2.1G
LwF,15,KBS_JeonJu_LTE_2.1G.csv,MBC_DaeJeon_LTE_2.1G.csv,81.01119232177734,9.000621774176345,7.250466982523601,LTE_2.1G
LwF,15,KBS_JeonJu_LTE_2.1G.csv,KBS_DaeJeon_LTE_2.1G.csv,65.86763763427734,8.115887975710196,6.536107341448466,LTE_2.1G
LwF,15,KBS_JeonJu_LTE_2.1G.csv,CMB_DaeJeon_LTE_2.1G.csv,70.04670238494873,8.369390801303805,6.542444547017415,LTE_2.1G
LwF,15,KBS_JeonJu_LTE_2.1G.csv,MBC_ChungJu_LTE_2.1G.csv,116.98018709818523,10.815737935905494,8.036316434542337,LTE_2.1G
LwF,15,KBS_JeonJu_LTE_2.1G.csv,KBS_ChungJu_LTE_2.1G.csv,129.22662862141928,11.36778908237742,8.231533408164978,LTE_2.1G
LwF,15,KBS_JeonJu_LTE_2.1G.csv,KBS_main_LTE_2.1G.csv,52.43469047546387,7.241180185264269,5.764831105868022,LTE_2.1G
LwF,15,KBS_JeonJu_LTE_2.1G.csv,SBS_LTE_2.1G.csv,46.61905813217163,6.827815033535372,5.331704656283061,LTE_2.1G
LwF,15,KBS_JeonJu_LTE_2.1G.csv,MBC_sa_LTE_2.1G.csv,84.29893445968628,9.18144511826359,7.016718029975891,LTE_2.1G
LwF,15,KBS_JeonJu_LTE_2.1G.csv,KBS_KangNeung_LTE_2.1G.csv,151.1151968638102,12.292892127722029,9.888848185539246,LTE_2.1G
LwF,15,KBS_JeonJu_LTE_2.1G.csv,MBC_KangNeung_LTE_2.1G.csv,147.0220635732015,12.125265505266329,10.233888467152914,LTE_2.1G
LwF,15,KBS_JeonJu_LTE_2.1G.csv,TBN_DaeGu_LTE_2.1G.csv,99.46134249369304,9.973030757683095,7.281042496363322,LTE_2.1G
LwF,15,KBS_JeonJu_LTE_2.1G.csv,TBC_DaeGu_LTE_2.1G.csv,102.68934059143066,10.133574916653583,7.5315254131952925,LTE_2.1G
LwF,15,KBS_JeonJu_LTE_2.1G.csv,JeonJu_Radio_LTE_2.1G.csv,76.7927074432373,8.763144837513375,6.8451087474823,LTE_2.1G
LwF,15,KBS_JeonJu_LTE_2.1G.csv,KBS_JeonJu_LTE_2.1G.csv,74.78629938761394,8.647907225890778,6.67532217502594,LTE_2.1G
LwF,16,KBS_MokPo_LTE_2.1G.csv,MBC_CheongJu_LTE_2.1G.csv,86.07777531941731,9.277810912031853,7.634241700172424,LTE_2.1G
LwF,16,KBS_MokPo_LTE_2.1G.csv,Broad_CheongJu_LTE_2.1G.csv,83.15617593129475,9.119000818691418,7.472162524859111,LTE_2.1G
LwF,16,KBS_MokPo_LTE_2.1G.csv,MBC_DaeJeon_LTE_2.1G.csv,84.92825253804524,9.21565258340641,7.616732398668925,LTE_2.1G
LwF,16,KBS_MokPo_LTE_2.1G.csv,KBS_DaeJeon_LTE_2.1G.csv,78.85336176554362,8.879941540660255,7.289289315541585,LTE_2.1G
LwF,16,KBS_MokPo_LTE_2.1G.csv,CMB_DaeJeon_LTE_2.1G.csv,89.99015553792317,9.486314117607701,7.763777256011963,LTE_2.1G
LwF,16,KBS_MokPo_LTE_2.1G.csv,MBC_ChungJu_LTE_2.1G.csv,120.30846659342448,10.968521622963802,8.72277839978536,LTE_2.1G
LwF,16,KBS_MokPo_LTE_2.1G.csv,KBS_ChungJu_LTE_2.1G.csv,134.0553379058838,11.578226889549358,8.919148325920105,LTE_2.1G
LwF,16,KBS_MokPo_LTE_2.1G.csv,KBS_main_LTE_2.1G.csv,66.36081345876057,8.146214670554697,6.464351614316304,LTE_2.1G
LwF,16,KBS_MokPo_LTE_2.1G.csv,SBS_LTE_2.1G.csv,63.83734464645386,7.989827573011438,6.304547349611918,LTE_2.1G
LwF,16,KBS_MokPo_LTE_2.1G.csv,MBC_sa_LTE_2.1G.csv,92.95381657282512,9.641255964490577,7.532036781311035,LTE_2.1G
LwF,16,KBS_MokPo_LTE_2.1G.csv,KBS_KangNeung_LTE_2.1G.csv,133.84233570098877,11.569024837945019,9.505550901095072,LTE_2.1G
LwF,16,KBS_MokPo_LTE_2.1G.csv,MBC_KangNeung_LTE_2.1G.csv,125.50195503234863,11.202765508228254,9.78669253985087,LTE_2.1G
LwF,16,KBS_MokPo_LTE_2.1G.csv,TBN_DaeGu_LTE_2.1G.csv,109.50081380208333,10.464263653123584,8.262176950772604,LTE_2.1G
LwF,16,KBS_MokPo_LTE_2.1G.csv,TBC_DaeGu_LTE_2.1G.csv,112.14806938171387,10.589998554377326,8.467573324839273,LTE_2.1G
LwF,16,KBS_MokPo_LTE_2.1G.csv,JeonJu_Radio_LTE_2.1G.csv,87.23923428853352,9.340194553034403,7.447323123613994,LTE_2.1G
LwF,16,KBS_MokPo_LTE_2.1G.csv,KBS_JeonJu_LTE_2.1G.csv,84.53958956400554,9.194541291658085,7.333662549654643,LTE_2.1G
LwF,16,KBS_MokPo_LTE_2.1G.csv,KBS_MokPo_LTE_2.1G.csv,75.58068307240804,8.693715147875967,7.053745110829671,LTE_2.1G
LwF,17,KBS_SunCheon_LTE_2.1G.csv,MBC_CheongJu_LTE_2.1G.csv,64.07603899637859,8.004751026507856,6.2492698431015015,LTE_2.1G
LwF,17,KBS_SunCheon_LTE_2.1G.csv,Broad_CheongJu_LTE_2.1G.csv,68.26141929626465,8.262046919272768,6.418041904767354,LTE_2.1G
LwF,17,KBS_SunCheon_LTE_2.1G.csv,MBC_DaeJeon_LTE_2.1G.csv,81.57789675394694,9.032048314416112,7.09441343943278,LTE_2.1G
LwF,17,KBS_SunCheon_LTE_2.1G.csv,KBS_DaeJeon_LTE_2.1G.csv,66.19454733530681,8.136003154824044,6.4045432806015015,LTE_2.1G
LwF,17,KBS_SunCheon_LTE_2.1G.csv,CMB_DaeJeon_LTE_2.1G.csv,72.6801077524821,8.525262913979962,6.533746679623921,LTE_2.1G
LwF,17,KBS_SunCheon_LTE_2.1G.csv,MBC_ChungJu_LTE_2.1G.csv,120.55105082194011,10.979574255040134,7.998597105344136,LTE_2.1G
LwF,17,KBS_SunCheon_LTE_2.1G.csv,KBS_ChungJu_LTE_2.1G.csv,137.8539129892985,11.74112060193994,8.175435900688171,LTE_2.1G
LwF,17,KBS_SunCheon_LTE_2.1G.csv,KBS_main_LTE_2.1G.csv,51.12588930130005,7.150237010148688,5.456120669841766,LTE_2.1G
LwF,17,KBS_SunCheon_LTE_2.1G.csv,SBS_LTE_2.1G.csv,48.373957792917885,6.955138948498289,5.21849278608958,LTE_2.1G
LwF,17,KBS_SunCheon_LTE_2.1G.csv,MBC_sa_LTE_2.1G.csv,85.23731549580891,9.232405726342886,6.796388705571492,LTE_2.1G
LwF,17,KBS_SunCheon_LTE_2.1G.csv,KBS_KangNeung_LTE_2.1G.csv,130.09013811747232,11.405706383976064,8.731815854708353,LTE_2.1G
LwF,17,KBS_SunCheon_LTE_2.1G.csv,MBC_KangNeung_LTE_2.1G.csv,113.17252031962077,10.638257391115369,8.694262425104776,LTE_2.1G
LwF,17,KBS_SunCheon_LTE_2.1G.csv,TBN_DaeGu_LTE_2.1G.csv,107.90940856933594,10.387945348784616,7.404935240745544,LTE_2.1G
LwF,17,KBS_SunCheon_LTE_2.1G.csv,TBC_DaeGu_LTE_2.1G.csv,106.13073285420735,10.301977133259777,7.512116114298503,LTE_2.1G
LwF,17,KBS_SunCheon_LTE_2.1G.csv,JeonJu_Radio_LTE_2.1G.csv,85.65099716186523,9.254782394084975,7.139696677525838,LTE_2.1G
LwF,17,KBS_SunCheon_LTE_2.1G.csv,KBS_JeonJu_LTE_2.1G.csv,83.58786900838216,9.142640155249586,7.1817136605580645,LTE_2.1G
LwF,17,KBS_SunCheon_LTE_2.1G.csv,KBS_MokPo_LTE_2.1G.csv,73.406920115153,8.56778385086558,6.790219664573669,LTE_2.1G
LwF,17,KBS_SunCheon_LTE_2.1G.csv,KBS_SunCheon_LTE_2.1G.csv,203.34606138865152,14.259946051393445,10.389464616775513,LTE_2.1G
LwF,18,KBS_GwangJu_LTE_2.1G.csv,MBC_CheongJu_LTE_2.1G.csv,65.88735485076904,8.117102614281098,6.501481215159099,LTE_2.1G
LwF,18,KBS_GwangJu_LTE_2.1G.csv,Broad_CheongJu_LTE_2.1G.csv,70.42040252685547,8.391686512665704,6.591038703918457,LTE_2.1G
LwF,18,KBS_GwangJu_LTE_2.1G.csv,MBC_DaeJeon_LTE_2.1G.csv,79.1827932993571,8.898471402401487,7.115389506022136,LTE_2.1G
LwF,18,KBS_GwangJu_LTE_2.1G.csv,KBS_DaeJeon_LTE_2.1G.csv,66.23074213663737,8.138227210924832,6.480152010917664,LTE_2.1G
LwF,18,KBS_GwangJu_LTE_2.1G.csv,CMB_DaeJeon_LTE_2.1G.csv,75.51801840464275,8.690110379312955,6.741427501042684,LTE_2.1G
LwF,18,KBS_GwangJu_LTE_2.1G.csv,MBC_ChungJu_LTE_2.1G.csv,117.65762774149577,10.847010083036512,7.992444554964702,LTE_2.1G
LwF,18,KBS_GwangJu_LTE_2.1G.csv,KBS_ChungJu_LTE_2.1G.csv,130.25776163736978,11.413052248954694,8.035073439280191,LTE_2.1G
LwF,18,KBS_GwangJu_LTE_2.1G.csv,KBS_main_LTE_2.1G.csv,51.35574595133463,7.166292343418222,5.4979106187820435,LTE_2.1G
LwF,18,KBS_GwangJu_LTE_2.1G.csv,SBS_LTE_2.1G.csv,50.99231672286987,7.140890471283667,5.483983874320984,LTE_2.1G
LwF,18,KBS_GwangJu_LTE_2.1G.csv,MBC_sa_LTE_2.1G.csv,88.63525168100993,9.414629662446098,7.124905943870544,LTE_2.1G
LwF,18,KBS_GwangJu_LTE_2.1G.csv,KBS_KangNeung_LTE_2.1G.csv,118.03667068481445,10.864468265166707,7.976253906885783,LTE_2.1G
LwF,18,KBS_GwangJu_LTE_2.1G.csv,MBC_KangNeung_LTE_2.1G.csv,93.46198081970215,9.667573678007432,7.566691954930623,LTE_2.1G
LwF,18,KBS_GwangJu_LTE_2.1G.csv,TBN_DaeGu_LTE_2.1G.csv,100.42516136169434,10.02123552071771,6.974777777989705,LTE_2.1G
LwF,18,KBS_GwangJu_LTE_2.1G.csv,TBC_DaeGu_LTE_2.1G.csv,98.35572131474812,9.917445301827891,7.016893625259399,LTE_2.1G
LwF,18,KBS_GwangJu_LTE_2.1G.csv,JeonJu_Radio_LTE_2.1G.csv,83.36729558308919,9.130569291292257,7.134722550710042,LTE_2.1G
LwF,18,KBS_GwangJu_LTE_2.1G.csv,KBS_JeonJu_LTE_2.1G.csv,81.49865341186523,9.027660461706855,7.121307531992595,LTE_2.1G
LwF,18,KBS_GwangJu_LTE_2.1G.csv,KBS_MokPo_LTE_2.1G.csv,68.75883452097575,8.29209470043461,6.6450168689092,LTE_2.1G
LwF,18,KBS_GwangJu_LTE_2.1G.csv,KBS_SunCheon_LTE_2.1G.csv,194.77303155263266,13.956110903565959,10.120135029157003,LTE_2.1G
LwF,18,KBS_GwangJu_LTE_2.1G.csv,KBS_GwangJu_LTE_2.1G.csv,61.52171548207601,7.8435779770507805,6.107337236404419,LTE_2.1G
