run_name,sweep_tag,use_scaling,alpha,beta,hidden_dim,layer_num,freq_band,stage,stage_task,eval_task,mse,rmse,mae
alpha0.5_beta0.3_hd64_layer2_LTE_2.1G,beta_sweep,True,0.5,0.3,64,2,LTE_2.1G,0,MBC_CheongJu_LTE_2.1G.csv,MBC_CheongJu_LTE_2.1G.csv,58.7213,7.6630,5.9793
alpha0.5_beta0.3_hd64_layer2_LTE_2.1G,beta_sweep,True,0.5,0.3,64,2,LTE_2.1G,1,Broad_CheongJu_LTE_2.1G.csv,MBC_CheongJu_LTE_2.1G.csv,61.4702,7.8403,6.2086
alpha0.5_beta0.3_hd64_layer2_LTE_2.1G,beta_sweep,True,0.5,0.3,64,2,LTE_2.1G,1,Broad_CheongJu_LTE_2.1G.csv,Broad_CheongJu_LTE_2.1G.csv,64.7421,8.0462,6.3144
alpha0.5_beta0.3_hd64_layer2_LTE_2.1G,beta_sweep,True,0.5,0.3,64,2,LTE_2.1G,2,MBC_DaeJeon_LTE_2.1G.csv,MBC_CheongJu_LTE_2.1G.csv,61.3193,7.8307,6.2084
alpha0.5_beta0.3_hd64_layer2_LTE_2.1G,beta_sweep,True,0.5,0.3,64,2,LTE_2.1G,2,MBC_DaeJeon_LTE_2.1G.csv,Broad_CheongJu_LTE_2.1G.csv,65.2072,8.0751,6.3990
alpha0.5_beta0.3_hd64_layer2_LTE_2.1G,beta_sweep,True,0.5,0.3,64,2,LTE_2.1G,2,MBC_DaeJeon_LTE_2.1G.csv,MBC_DaeJeon_LTE_2.1G.csv,75.0247,8.6617,6.9338
alpha0.5_beta0.3_hd64_layer2_LTE_2.1G,beta_sweep,True,0.5,0.3,64,2,LTE_2.1G,3,KBS_DaeJeon_LTE_2.1G.csv,MBC_CheongJu_LTE_2.1G.csv,58.9320,7.6767,5.9917
alpha0.5_beta0.3_hd64_layer2_LTE_2.1G,beta_sweep,True,0.5,0.3,64,2,LTE_2.1G,3,KBS_DaeJeon_LTE_2.1G.csv,Broad_CheongJu_LTE_2.1G.csv,64.2158,8.0135,6.2375
alpha0.5_beta0.3_hd64_layer2_LTE_2.1G,beta_sweep,True,0.5,0.3,64,2,LTE_2.1G,3,KBS_DaeJeon_LTE_2.1G.csv,MBC_DaeJeon_LTE_2.1G.csv,77.1557,8.7838,6.9358
alpha0.5_beta0.3_hd64_layer2_LTE_2.1G,beta_sweep,True,0.5,0.3,64,2,LTE_2.1G,3,KBS_DaeJeon_LTE_2.1G.csv,KBS_DaeJeon_LTE_2.1G.csv,60.3044,7.7656,6.0358
alpha0.5_beta0.3_hd64_layer2_LTE_2.1G,beta_sweep,True,0.5,0.3,64,2,LTE_2.1G,4,CMB_DaeJeon_LTE_2.1G.csv,MBC_CheongJu_LTE_2.1G.csv,60.5498,7.7814,6.1423
alpha0.5_beta0.3_hd64_layer2_LTE_2.1G,beta_sweep,True,0.5,0.3,64,2,LTE_2.1G,4,CMB_DaeJeon_LTE_2.1G.csv,Broad_CheongJu_LTE_2.1G.csv,65.2880,8.0801,6.3571
alpha0.5_beta0.3_hd64_layer2_LTE_2.1G,beta_sweep,True,0.5,0.3,64,2,LTE_2.1G,4,CMB_DaeJeon_LTE_2.1G.csv,MBC_DaeJeon_LTE_2.1G.csv,77.9777,8.8305,7.0395
alpha0.5_beta0.3_hd64_layer2_LTE_2.1G,beta_sweep,True,0.5,0.3,64,2,LTE_2.1G,4,CMB_DaeJeon_LTE_2.1G.csv,KBS_DaeJeon_LTE_2.1G.csv,62.0235,7.8755,6.1706
alpha0.5_beta0.3_hd64_layer2_LTE_2.1G,beta_sweep,True,0.5,0.3,64,2,LTE_2.1G,4,CMB_DaeJeon_LTE_2.1G.csv,CMB_DaeJeon_LTE_2.1G.csv,65.2003,8.0747,6.1919
alpha0.5_beta0.3_hd64_layer2_LTE_2.1G,beta_sweep,True,0.5,0.3,64,2,LTE_2.1G,5,MBC_ChungJu_LTE_2.1G.csv,MBC_CheongJu_LTE_2.1G.csv,64.2526,8.0158,6.4382
alpha0.5_beta0.3_hd64_layer2_LTE_2.1G,beta_sweep,True,0.5,0.3,64,2,LTE_2.1G,5,MBC_ChungJu_LTE_2.1G.csv,Broad_CheongJu_LTE_2.1G.csv,67.1799,8.1963,6.5118
alpha0.5_beta0.3_hd64_layer2_LTE_2.1G,beta_sweep,True,0.5,0.3,64,2,LTE_2.1G,5,MBC_ChungJu_LTE_2.1G.csv,MBC_DaeJeon_LTE_2.1G.csv,77.7779,8.8192,7.0656
alpha0.5_beta0.3_hd64_layer2_LTE_2.1G,beta_sweep,True,0.5,0.3,64,2,LTE_2.1G,5,MBC_ChungJu_LTE_2.1G.csv,KBS_DaeJeon_LTE_2.1G.csv,64.4901,8.0306,6.3689
alpha0.5_beta0.3_hd64_layer2_LTE_2.1G,beta_sweep,True,0.5,0.3,64,2,LTE_2.1G,5,MBC_ChungJu_LTE_2.1G.csv,CMB_DaeJeon_LTE_2.1G.csv,67.4858,8.2150,6.3752
alpha0.5_beta0.3_hd64_layer2_LTE_2.1G,beta_sweep,True,0.5,0.3,64,2,LTE_2.1G,5,MBC_ChungJu_LTE_2.1G.csv,MBC_ChungJu_LTE_2.1G.csv,107.6437,10.3751,7.7298
alpha0.5_beta0.3_hd64_layer2_LTE_2.1G,beta_sweep,True,0.5,0.3,64,2,LTE_2.1G,6,KBS_ChungJu_LTE_2.1G.csv,MBC_CheongJu_LTE_2.1G.csv,62.3038,7.8933,6.2468
alpha0.5_beta0.3_hd64_layer2_LTE_2.1G,beta_sweep,True,0.5,0.3,64,2,LTE_2.1G,6,KBS_ChungJu_LTE_2.1G.csv,Broad_CheongJu_LTE_2.1G.csv,66.2274,8.1380,6.3976
alpha0.5_beta0.3_hd64_layer2_LTE_2.1G,beta_sweep,True,0.5,0.3,64,2,LTE_2.1G,6,KBS_ChungJu_LTE_2.1G.csv,MBC_DaeJeon_LTE_2.1G.csv,79.2391,8.9016,7.0897
alpha0.5_beta0.3_hd64_layer2_LTE_2.1G,beta_sweep,True,0.5,0.3,64,2,LTE_2.1G,6,KBS_ChungJu_LTE_2.1G.csv,KBS_DaeJeon_LTE_2.1G.csv,64.0626,8.0039,6.2956
alpha0.5_beta0.3_hd64_layer2_LTE_2.1G,beta_sweep,True,0.5,0.3,64,2,LTE_2.1G,6,KBS_ChungJu_LTE_2.1G.csv,CMB_DaeJeon_LTE_2.1G.csv,66.6941,8.1666,6.2729
alpha0.5_beta0.3_hd64_layer2_LTE_2.1G,beta_sweep,True,0.5,0.3,64,2,LTE_2.1G,6,KBS_ChungJu_LTE_2.1G.csv,MBC_ChungJu_LTE_2.1G.csv,109.3559,10.4573,7.6443
alpha0.5_beta0.3_hd64_layer2_LTE_2.1G,beta_sweep,True,0.5,0.3,64,2,LTE_2.1G,6,KBS_ChungJu_LTE_2.1G.csv,KBS_ChungJu_LTE_2.1G.csv,123.8520,11.1289,7.8049
alpha0.5_beta0.3_hd64_layer2_LTE_2.1G,beta_sweep,True,0.5,0.3,64,2,LTE_2.1G,7,KBS_main_LTE_2.1G.csv,MBC_CheongJu_LTE_2.1G.csv,61.4334,7.8379,6.3044
alpha0.5_beta0.3_hd64_layer2_LTE_2.1G,beta_sweep,True,0.5,0.3,64,2,LTE_2.1G,7,KBS_main_LTE_2.1G.csv,Broad_CheongJu_LTE_2.1G.csv,68.7661,8.2925,6.6489
alpha0.5_beta0.3_hd64_layer2_LTE_2.1G,beta_sweep,True,0.5,0.3,64,2,LTE_2.1G,7,KBS_main_LTE_2.1G.csv,MBC_DaeJeon_LTE_2.1G.csv,82.0420,9.0577,7.3204
alpha0.5_beta0.3_hd64_layer2_LTE_2.1G,beta_sweep,True,0.5,0.3,64,2,LTE_2.1G,7,KBS_main_LTE_2.1G.csv,KBS_DaeJeon_LTE_2.1G.csv,67.3032,8.2039,6.5602
alpha0.5_beta0.3_hd64_layer2_LTE_2.1G,beta_sweep,True,0.5,0.3,64,2,LTE_2.1G,7,KBS_main_LTE_2.1G.csv,CMB_DaeJeon_LTE_2.1G.csv,69.5729,8.3410,6.5382
alpha0.5_beta0.3_hd64_layer2_LTE_2.1G,beta_sweep,True,0.5,0.3,64,2,LTE_2.1G,7,KBS_main_LTE_2.1G.csv,MBC_ChungJu_LTE_2.1G.csv,112.2759,10.5960,8.0399
alpha0.5_beta0.3_hd64_layer2_LTE_2.1G,beta_sweep,True,0.5,0.3,64,2,LTE_2.1G,7,KBS_main_LTE_2.1G.csv,KBS_ChungJu_LTE_2.1G.csv,126.8918,11.2646,8.2332
alpha0.5_beta0.3_hd64_layer2_LTE_2.1G,beta_sweep,True,0.5,0.3,64,2,LTE_2.1G,7,KBS_main_LTE_2.1G.csv,KBS_main_LTE_2.1G.csv,44.1842,6.6471,4.9986
alpha0.5_beta0.3_hd64_layer2_LTE_2.1G,beta_sweep,True,0.5,0.3,64,2,LTE_2.1G,8,SBS_LTE_2.1G.csv,MBC_CheongJu_LTE_2.1G.csv,61.3235,7.8309,6.3123
alpha0.5_beta0.3_hd64_layer2_LTE_2.1G,beta_sweep,True,0.5,0.3,64,2,LTE_2.1G,8,SBS_LTE_2.1G.csv,Broad_CheongJu_LTE_2.1G.csv,69.1502,8.3157,6.6869
alpha0.5_beta0.3_hd64_layer2_LTE_2.1G,beta_sweep,True,0.5,0.3,64,2,LTE_2.1G,8,SBS_LTE_2.1G.csv,MBC_DaeJeon_LTE_2.1G.csv,81.5536,9.0307,7.3042
alpha0.5_beta0.3_hd64_layer2_LTE_2.1G,beta_sweep,True,0.5,0.3,64,2,LTE_2.1G,8,SBS_LTE_2.1G.csv,KBS_DaeJeon_LTE_2.1G.csv,66.6556,8.1643,6.5469
alpha0.5_beta0.3_hd64_layer2_LTE_2.1G,beta_sweep,True,0.5,0.3,64,2,LTE_2.1G,8,SBS_LTE_2.1G.csv,CMB_DaeJeon_LTE_2.1G.csv,69.4380,8.3329,6.5412
alpha0.5_beta0.3_hd64_layer2_LTE_2.1G,beta_sweep,True,0.5,0.3,64,2,LTE_2.1G,8,SBS_LTE_2.1G.csv,MBC_ChungJu_LTE_2.1G.csv,111.2569,10.5478,8.0189
alpha0.5_beta0.3_hd64_layer2_LTE_2.1G,beta_sweep,True,0.5,0.3,64,2,LTE_2.1G,8,SBS_LTE_2.1G.csv,KBS_ChungJu_LTE_2.1G.csv,126.1332,11.2309,8.2111
alpha0.5_beta0.3_hd64_layer2_LTE_2.1G,beta_sweep,True,0.5,0.3,64,2,LTE_2.1G,8,SBS_LTE_2.1G.csv,KBS_main_LTE_2.1G.csv,45.0161,6.7094,5.0672
alpha0.5_beta0.3_hd64_layer2_LTE_2.1G,beta_sweep,True,0.5,0.3,64,2,LTE_2.1G,8,SBS_LTE_2.1G.csv,SBS_LTE_2.1G.csv,42.3865,6.5105,4.8661
alpha0.5_beta0.3_hd64_layer2_LTE_2.1G,beta_sweep,True,0.5,0.3,64,2,LTE_2.1G,9,MBC_sa_LTE_2.1G.csv,MBC_CheongJu_LTE_2.1G.csv,62.4674,7.9036,6.3335
alpha0.5_beta0.3_hd64_layer2_LTE_2.1G,beta_sweep,True,0.5,0.3,64,2,LTE_2.1G,9,MBC_sa_LTE_2.1G.csv,Broad_CheongJu_LTE_2.1G.csv,66.9168,8.1803,6.5154
alpha0.5_beta0.3_hd64_layer2_LTE_2.1G,beta_sweep,True,0.5,0.3,64,2,LTE_2.1G,9,MBC_sa_LTE_2.1G.csv,MBC_DaeJeon_LTE_2.1G.csv,78.3596,8.8521,7.1228
alpha0.5_beta0.3_hd64_layer2_LTE_2.1G,beta_sweep,True,0.5,0.3,64,2,LTE_2.1G,9,MBC_sa_LTE_2.1G.csv,KBS_DaeJeon_LTE_2.1G.csv,65.6419,8.1020,6.4391
alpha0.5_beta0.3_hd64_layer2_LTE_2.1G,beta_sweep,True,0.5,0.3,64,2,LTE_2.1G,9,MBC_sa_LTE_2.1G.csv,CMB_DaeJeon_LTE_2.1G.csv,68.7882,8.2939,6.5071
alpha0.5_beta0.3_hd64_layer2_LTE_2.1G,beta_sweep,True,0.5,0.3,64,2,LTE_2.1G,9,MBC_sa_LTE_2.1G.csv,MBC_ChungJu_LTE_2.1G.csv,110.7219,10.5224,7.9180
alpha0.5_beta0.3_hd64_layer2_LTE_2.1G,beta_sweep,True,0.5,0.3,64,2,LTE_2.1G,9,MBC_sa_LTE_2.1G.csv,KBS_ChungJu_LTE_2.1G.csv,124.9037,11.1760,8.0677
alpha0.5_beta0.3_hd64_layer2_LTE_2.1G,beta_sweep,True,0.5,0.3,64,2,LTE_2.1G,9,MBC_sa_LTE_2.1G.csv,KBS_main_LTE_2.1G.csv,46.3354,6.8070,5.1261
alpha0.5_beta0.3_hd64_layer2_LTE_2.1G,beta_sweep,True,0.5,0.3,64,2,LTE_2.1G,9,MBC_sa_LTE_2.1G.csv,SBS_LTE_2.1G.csv,43.2555,6.5769,4.8829
alpha0.5_beta0.3_hd64_layer2_LTE_2.1G,beta_sweep,True,0.5,0.3,64,2,LTE_2.1G,9,MBC_sa_LTE_2.1G.csv,MBC_sa_LTE_2.1G.csv,78.5321,8.8618,6.5196
alpha0.5_beta0.3_hd64_layer2_LTE_2.1G,beta_sweep,True,0.5,0.3,64,2,LTE_2.1G,10,KBS_KangNeung_LTE_2.1G.csv,MBC_CheongJu_LTE_2.1G.csv,65.8852,8.1170,6.5105
alpha0.5_beta0.3_hd64_layer2_LTE_2.1G,beta_sweep,True,0.5,0.3,64,2,LTE_2.1G,10,KBS_KangNeung_LTE_2.1G.csv,Broad_CheongJu_LTE_2.1G.csv,71.1800,8.4368,6.7080
alpha0.5_beta0.3_hd64_layer2_LTE_2.1G,beta_sweep,True,0.5,0.3,64,2,LTE_2.1G,10,KBS_KangNeung_LTE_2.1G.csv,MBC_DaeJeon_LTE_2.1G.csv,84.5421,9.1947,7.4323
alpha0.5_beta0.3_hd64_layer2_LTE_2.1G,beta_sweep,True,0.5,0.3,64,2,LTE_2.1G,10,KBS_KangNeung_LTE_2.1G.csv,KBS_DaeJeon_LTE_2.1G.csv,68.9744,8.3051,6.6010
alpha0.5_beta0.3_hd64_layer2_LTE_2.1G,beta_sweep,True,0.5,0.3,64,2,LTE_2.1G,10,KBS_KangNeung_LTE_2.1G.csv,CMB_DaeJeon_LTE_2.1G.csv,70.1643,8.3764,6.5099
alpha0.5_beta0.3_hd64_layer2_LTE_2.1G,beta_sweep,True,0.5,0.3,64,2,LTE_2.1G,10,KBS_KangNeung_LTE_2.1G.csv,MBC_ChungJu_LTE_2.1G.csv,112.3059,10.5974,7.9809
alpha0.5_beta0.3_hd64_layer2_LTE_2.1G,beta_sweep,True,0.5,0.3,64,2,LTE_2.1G,10,KBS_KangNeung_LTE_2.1G.csv,KBS_ChungJu_LTE_2.1G.csv,124.2426,11.1464,8.1820
alpha0.5_beta0.3_hd64_layer2_LTE_2.1G,beta_sweep,True,0.5,0.3,64,2,LTE_2.1G,10,KBS_KangNeung_LTE_2.1G.csv,KBS_main_LTE_2.1G.csv,51.5306,7.1785,5.5721
alpha0.5_beta0.3_hd64_layer2_LTE_2.1G,beta_sweep,True,0.5,0.3,64,2,LTE_2.1G,10,KBS_KangNeung_LTE_2.1G.csv,SBS_LTE_2.1G.csv,48.8762,6.9912,5.2836
alpha0.5_beta0.3_hd64_layer2_LTE_2.1G,beta_sweep,True,0.5,0.3,64,2,LTE_2.1G,10,KBS_KangNeung_LTE_2.1G.csv,MBC_sa_LTE_2.1G.csv,85.8794,9.2671,6.9453
alpha0.5_beta0.3_hd64_layer2_LTE_2.1G,beta_sweep,True,0.5,0.3,64,2,LTE_2.1G,10,KBS_KangNeung_LTE_2.1G.csv,KBS_KangNeung_LTE_2.1G.csv,76.5925,8.7517,5.6210
alpha0.5_beta0.3_hd64_layer2_LTE_2.1G,beta_sweep,True,0.5,0.3,64,2,LTE_2.1G,11,MBC_KangNeung_LTE_2.1G.csv,MBC_CheongJu_LTE_2.1G.csv,63.8048,7.9878,6.4120
alpha0.5_beta0.3_hd64_layer2_LTE_2.1G,beta_sweep,True,0.5,0.3,64,2,LTE_2.1G,11,MBC_KangNeung_LTE_2.1G.csv,Broad_CheongJu_LTE_2.1G.csv,69.9321,8.3625,6.6342
alpha0.5_beta0.3_hd64_layer2_LTE_2.1G,beta_sweep,True,0.5,0.3,64,2,LTE_2.1G,11,MBC_KangNeung_LTE_2.1G.csv,MBC_DaeJeon_LTE_2.1G.csv,83.6237,9.1446,7.3444
alpha0.5_beta0.3_hd64_layer2_LTE_2.1G,beta_sweep,True,0.5,0.3,64,2,LTE_2.1G,11,MBC_KangNeung_LTE_2.1G.csv,KBS_DaeJeon_LTE_2.1G.csv,67.6052,8.2222,6.5006
alpha0.5_beta0.3_hd64_layer2_LTE_2.1G,beta_sweep,True,0.5,0.3,64,2,LTE_2.1G,11,MBC_KangNeung_LTE_2.1G.csv,CMB_DaeJeon_LTE_2.1G.csv,69.1458,8.3154,6.4306
alpha0.5_beta0.3_hd64_layer2_LTE_2.1G,beta_sweep,True,0.5,0.3,64,2,LTE_2.1G,11,MBC_KangNeung_LTE_2.1G.csv,MBC_ChungJu_LTE_2.1G.csv,112.2428,10.5945,7.8975
alpha0.5_beta0.3_hd64_layer2_LTE_2.1G,beta_sweep,True,0.5,0.3,64,2,LTE_2.1G,11,MBC_KangNeung_LTE_2.1G.csv,KBS_ChungJu_LTE_2.1G.csv,124.9551,11.1783,8.0647
alpha0.5_beta0.3_hd64_layer2_LTE_2.1G,beta_sweep,True,0.5,0.3,64,2,LTE_2.1G,11,MBC_KangNeung_LTE_2.1G.csv,KBS_main_LTE_2.1G.csv,49.9369,7.0666,5.4448
alpha0.5_beta0.3_hd64_layer2_LTE_2.1G,beta_sweep,True,0.5,0.3,64,2,LTE_2.1G,11,MBC_KangNeung_LTE_2.1G.csv,SBS_LTE_2.1G.csv,47.1833,6.8690,5.1863
alpha0.5_beta0.3_hd64_layer2_LTE_2.1G,beta_sweep,True,0.5,0.3,64,2,LTE_2.1G,11,MBC_KangNeung_LTE_2.1G.csv,MBC_sa_LTE_2.1G.csv,84.6623,9.2012,6.8621
alpha0.5_beta0.3_hd64_layer2_LTE_2.1G,beta_sweep,True,0.5,0.3,64,2,LTE_2.1G,11,MBC_KangNeung_LTE_2.1G.csv,KBS_KangNeung_LTE_2.1G.csv,81.7419,9.0411,6.1649
alpha0.5_beta0.3_hd64_layer2_LTE_2.1G,beta_sweep,True,0.5,0.3,64,2,LTE_2.1G,11,MBC_KangNeung_LTE_2.1G.csv,MBC_KangNeung_LTE_2.1G.csv,54.3057,7.3692,4.4990
alpha0.5_beta0.3_hd64_layer2_LTE_2.1G,beta_sweep,True,0.5,0.3,64,2,LTE_2.1G,12,TBN_DaeGu_LTE_2.1G.csv,MBC_CheongJu_LTE_2.1G.csv,60.1159,7.7534,6.1197
alpha0.5_beta0.3_hd64_layer2_LTE_2.1G,beta_sweep,True,0.5,0.3,64,2,LTE_2.1G,12,TBN_DaeGu_LTE_2.1G.csv,Broad_CheongJu_LTE_2.1G.csv,66.0957,8.1299,6.3687
alpha0.5_beta0.3_hd64_layer2_LTE_2.1G,beta_sweep,True,0.5,0.3,64,2,LTE_2.1G,12,TBN_DaeGu_LTE_2.1G.csv,MBC_DaeJeon_LTE_2.1G.csv,79.9276,8.9402,7.1709
alpha0.5_beta0.3_hd64_layer2_LTE_2.1G,beta_sweep,True,0.5,0.3,64,2,LTE_2.1G,12,TBN_DaeGu_LTE_2.1G.csv,KBS_DaeJeon_LTE_2.1G.csv,65.1215,8.0698,6.4087
alpha0.5_beta0.3_hd64_layer2_LTE_2.1G,beta_sweep,True,0.5,0.3,64,2,LTE_2.1G,12,TBN_DaeGu_LTE_2.1G.csv,CMB_DaeJeon_LTE_2.1G.csv,67.4486,8.2127,6.4080
alpha0.5_beta0.3_hd64_layer2_LTE_2.1G,beta_sweep,True,0.5,0.3,64,2,LTE_2.1G,12,TBN_DaeGu_LTE_2.1G.csv,MBC_ChungJu_LTE_2.1G.csv,112.2734,10.5959,7.9209
alpha0.5_beta0.3_hd64_layer2_LTE_2.1G,beta_sweep,True,0.5,0.3,64,2,LTE_2.1G,12,TBN_DaeGu_LTE_2.1G.csv,KBS_ChungJu_LTE_2.1G.csv,127.6574,11.2986,8.1618
alpha0.5_beta0.3_hd64_layer2_LTE_2.1G,beta_sweep,True,0.5,0.3,64,2,LTE_2.1G,12,TBN_DaeGu_LTE_2.1G.csv,KBS_main_LTE_2.1G.csv,46.7511,6.8375,5.1656
alpha0.5_beta0.3_hd64_layer2_LTE_2.1G,beta_sweep,True,0.5,0.3,64,2,LTE_2.1G,12,TBN_DaeGu_LTE_2.1G.csv,SBS_LTE_2.1G.csv,43.6254,6.6050,4.9005
alpha0.5_beta0.3_hd64_layer2_LTE_2.1G,beta_sweep,True,0.5,0.3,64,2,LTE_2.1G,12,TBN_DaeGu_LTE_2.1G.csv,MBC_sa_LTE_2.1G.csv,82.4864,9.0822,6.7309
alpha0.5_beta0.3_hd64_layer2_LTE_2.1G,beta_sweep,True,0.5,0.3,64,2,LTE_2.1G,12,TBN_DaeGu_LTE_2.1G.csv,KBS_KangNeung_LTE_2.1G.csv,91.8321,9.5829,6.7066
alpha0.5_beta0.3_hd64_layer2_LTE_2.1G,beta_sweep,True,0.5,0.3,64,2,LTE_2.1G,12,TBN_DaeGu_LTE_2.1G.csv,MBC_KangNeung_LTE_2.1G.csv,66.2880,8.1417,5.7287
alpha0.5_beta0.3_hd64_layer2_LTE_2.1G,beta_sweep,True,0.5,0.3,64,2,LTE_2.1G,12,TBN_DaeGu_LTE_2.1G.csv,TBN_DaeGu_LTE_2.1G.csv,91.6654,9.5742,6.7831
alpha0.5_beta0.3_hd64_layer2_LTE_2.1G,beta_sweep,True,0.5,0.3,64,2,LTE_2.1G,13,TBC_DaeGu_LTE_2.1G.csv,MBC_CheongJu_LTE_2.1G.csv,59.9738,7.7443,6.0423
alpha0.5_beta0.3_hd64_layer2_LTE_2.1G,beta_sweep,True,0.5,0.3,64,2,LTE_2.1G,13,TBC_DaeGu_LTE_2.1G.csv,Broad_CheongJu_LTE_2.1G.csv,65.3192,8.0820,6.2812
alpha0.5_beta0.3_hd64_layer2_LTE_2.1G,beta_sweep,True,0.5,0.3,64,2,LTE_2.1G,13,TBC_DaeGu_LTE_2.1G.csv,MBC_DaeJeon_LTE_2.1G.csv,79.9312,8.9404,7.0901
alpha0.5_beta0.3_hd64_layer2_LTE_2.1G,beta_sweep,True,0.5,0.3,64,2,LTE_2.1G,13,TBC_DaeGu_LTE_2.1G.csv,KBS_DaeJeon_LTE_2.1G.csv,64.1649,8.0103,6.2665
alpha0.5_beta0.3_hd64_layer2_LTE_2.1G,beta_sweep,True,0.5,0.3,64,2,LTE_2.1G,13,TBC_DaeGu_LTE_2.1G.csv,CMB_DaeJeon_LTE_2.1G.csv,66.0630,8.1279,6.2500
alpha0.5_beta0.3_hd64_layer2_LTE_2.1G,beta_sweep,True,0.5,0.3,64,2,LTE_2.1G,13,TBC_DaeGu_LTE_2.1G.csv,MBC_ChungJu_LTE_2.1G.csv,111.3988,10.5546,7.7525
alpha0.5_beta0.3_hd64_layer2_LTE_2.1G,beta_sweep,True,0.5,0.3,64,2,LTE_2.1G,13,TBC_DaeGu_LTE_2.1G.csv,KBS_ChungJu_LTE_2.1G.csv,127.8346,11.3064,7.9927
alpha0.5_beta0.3_hd64_layer2_LTE_2.1G,beta_sweep,True,0.5,0.3,64,2,LTE_2.1G,13,TBC_DaeGu_LTE_2.1G.csv,KBS_main_LTE_2.1G.csv,47.0021,6.8558,5.1125
alpha0.5_beta0.3_hd64_layer2_LTE_2.1G,beta_sweep,True,0.5,0.3,64,2,LTE_2.1G,13,TBC_DaeGu_LTE_2.1G.csv,SBS_LTE_2.1G.csv,43.7093,6.6113,4.8488
alpha0.5_beta0.3_hd64_layer2_LTE_2.1G,beta_sweep,True,0.5,0.3,64,2,LTE_2.1G,13,TBC_DaeGu_LTE_2.1G.csv,MBC_sa_LTE_2.1G.csv,83.3779,9.1311,6.6983
alpha0.5_beta0.3_hd64_layer2_LTE_2.1G,beta_sweep,True,0.5,0.3,64,2,LTE_2.1G,13,TBC_DaeGu_LTE_2.1G.csv,KBS_KangNeung_LTE_2.1G.csv,92.4395,9.6145,6.6358
alpha0.5_beta0.3_hd64_layer2_LTE_2.1G,beta_sweep,True,0.5,0.3,64,2,LTE_2.1G,13,TBC_DaeGu_LTE_2.1G.csv,MBC_KangNeung_LTE_2.1G.csv,66.5826,8.1598,5.7630
alpha0.5_beta0.3_hd64_layer2_LTE_2.1G,beta_sweep,True,0.5,0.3,64,2,LTE_2.1G,13,TBC_DaeGu_LTE_2.1G.csv,TBN_DaeGu_LTE_2.1G.csv,94.3663,9.7142,6.7986
alpha0.5_beta0.3_hd64_layer2_LTE_2.1G,beta_sweep,True,0.5,0.3,64,2,LTE_2.1G,13,TBC_DaeGu_LTE_2.1G.csv,TBC_DaeGu_LTE_2.1G.csv,91.8951,9.5862,6.8261
alpha0.5_beta0.3_hd64_layer2_LTE_2.1G,beta_sweep,True,0.5,0.3,64,2,LTE_2.1G,14,JeonJu_Radio_LTE_2.1G.csv,MBC_CheongJu_LTE_2.1G.csv,62.4347,7.9016,6.3271
alpha0.5_beta0.3_hd64_layer2_LTE_2.1G,beta_sweep,True,0.5,0.3,64,2,LTE_2.1G,14,JeonJu_Radio_LTE_2.1G.csv,Broad_CheongJu_LTE_2.1G.csv,68.1889,8.2577,6.5885
alpha0.5_beta0.3_hd64_layer2_LTE_2.1G,beta_sweep,True,0.5,0.3,64,2,LTE_2.1G,14,JeonJu_Radio_LTE_2.1G.csv,MBC_DaeJeon_LTE_2.1G.csv,80.5613,8.9756,7.2587
alpha0.5_beta0.3_hd64_layer2_LTE_2.1G,beta_sweep,True,0.5,0.3,64,2,LTE_2.1G,14,JeonJu_Radio_LTE_2.1G.csv,KBS_DaeJeon_LTE_2.1G.csv,66.4464,8.1515,6.5134
alpha0.5_beta0.3_hd64_layer2_LTE_2.1G,beta_sweep,True,0.5,0.3,64,2,LTE_2.1G,14,JeonJu_Radio_LTE_2.1G.csv,CMB_DaeJeon_LTE_2.1G.csv,68.2741,8.2628,6.4853
alpha0.5_beta0.3_hd64_layer2_LTE_2.1G,beta_sweep,True,0.5,0.3,64,2,LTE_2.1G,14,JeonJu_Radio_LTE_2.1G.csv,MBC_ChungJu_LTE_2.1G.csv,110.1642,10.4959,7.9374
alpha0.5_beta0.3_hd64_layer2_LTE_2.1G,beta_sweep,True,0.5,0.3,64,2,LTE_2.1G,14,JeonJu_Radio_LTE_2.1G.csv,KBS_ChungJu_LTE_2.1G.csv,124.3423,11.1509,8.1066
alpha0.5_beta0.3_hd64_layer2_LTE_2.1G,beta_sweep,True,0.5,0.3,64,2,LTE_2.1G,14,JeonJu_Radio_LTE_2.1G.csv,KBS_main_LTE_2.1G.csv,48.5837,6.9702,5.3070
alpha0.5_beta0.3_hd64_layer2_LTE_2.1G,beta_sweep,True,0.5,0.3,64,2,LTE_2.1G,14,JeonJu_Radio_LTE_2.1G.csv,SBS_LTE_2.1G.csv,45.1552,6.7198,5.0182
alpha0.5_beta0.3_hd64_layer2_LTE_2.1G,beta_sweep,True,0.5,0.3,64,2,LTE_2.1G,14,JeonJu_Radio_LTE_2.1G.csv,MBC_sa_LTE_2.1G.csv,83.2690,9.1252,6.7653
alpha0.5_beta0.3_hd64_layer2_LTE_2.1G,beta_sweep,True,0.5,0.3,64,2,LTE_2.1G,14,JeonJu_Radio_LTE_2.1G.csv,KBS_KangNeung_LTE_2.1G.csv,85.1221,9.2262,6.1939
alpha0.5_beta0.3_hd64_layer2_LTE_2.1G,beta_sweep,True,0.5,0.3,64,2,LTE_2.1G,14,JeonJu_Radio_LTE_2.1G.csv,MBC_KangNeung_LTE_2.1G.csv,59.6047,7.7204,5.3050
alpha0.5_beta0.3_hd64_layer2_LTE_2.1G,beta_sweep,True,0.5,0.3,64,2,LTE_2.1G,14,JeonJu_Radio_LTE_2.1G.csv,TBN_DaeGu_LTE_2.1G.csv,93.7033,9.6800,6.9618
alpha0.5_beta0.3_hd64_layer2_LTE_2.1G,beta_sweep,True,0.5,0.3,64,2,LTE_2.1G,14,JeonJu_Radio_LTE_2.1G.csv,TBC_DaeGu_LTE_2.1G.csv,91.8898,9.5859,6.9718
alpha0.5_beta0.3_hd64_layer2_LTE_2.1G,beta_sweep,True,0.5,0.3,64,2,LTE_2.1G,14,JeonJu_Radio_LTE_2.1G.csv,JeonJu_Radio_LTE_2.1G.csv,75.1562,8.6693,6.4746
alpha0.5_beta0.3_hd64_layer2_LTE_2.1G,beta_sweep,True,0.5,0.3,64,2,LTE_2.1G,15,KBS_JeonJu_LTE_2.1G.csv,MBC_CheongJu_LTE_2.1G.csv,60.5902,7.7840,6.1745
alpha0.5_beta0.3_hd64_layer2_LTE_2.1G,beta_sweep,True,0.5,0.3,64,2,LTE_2.1G,15,KBS_JeonJu_LTE_2.1G.csv,Broad_CheongJu_LTE_2.1G.csv,67.0839,8.1905,6.4807
alpha0.5_beta0.3_hd64_layer2_LTE_2.1G,beta_sweep,True,0.5,0.3,64,2,LTE_2.1G,15,KBS_JeonJu_LTE_2.1G.csv,MBC_DaeJeon_LTE_2.1G.csv,79.5990,8.9218,7.1595
alpha0.5_beta0.3_hd64_layer2_LTE_2.1G,beta_sweep,True,0.5,0.3,64,2,LTE_2.1G,15,KBS_JeonJu_LTE_2.1G.csv,KBS_DaeJeon_LTE_2.1G.csv,65.4262,8.0886,6.4180
alpha0.5_beta0.3_hd64_layer2_LTE_2.1G,beta_sweep,True,0.5,0.3,64,2,LTE_2.1G,15,KBS_JeonJu_LTE_2.1G.csv,CMB_DaeJeon_LTE_2.1G.csv,66.9290,8.1810,6.3578
alpha0.5_beta0.3_hd64_layer2_LTE_2.1G,beta_sweep,True,0.5,0.3,64,2,LTE_2.1G,15,KBS_JeonJu_LTE_2.1G.csv,MBC_ChungJu_LTE_2.1G.csv,111.4379,10.5564,7.8722
alpha0.5_beta0.3_hd64_layer2_LTE_2.1G,beta_sweep,True,0.5,0.3,64,2,LTE_2.1G,15,KBS_JeonJu_LTE_2.1G.csv,KBS_ChungJu_LTE_2.1G.csv,125.1767,11.1882,8.0733
alpha0.5_beta0.3_hd64_layer2_LTE_2.1G,beta_sweep,True,0.5,0.3,64,2,LTE_2.1G,15,KBS_JeonJu_LTE_2.1G.csv,KBS_main_LTE_2.1G.csv,47.0955,6.8626,5.2273
alpha0.5_beta0.3_hd64_layer2_LTE_2.1G,beta_sweep,True,0.5,0.3,64,2,LTE_2.1G,15,KBS_JeonJu_LTE_2.1G.csv,SBS_LTE_2.1G.csv,44.3359,6.6585,4.9565
alpha0.5_beta0.3_hd64_layer2_LTE_2.1G,beta_sweep,True,0.5,0.3,64,2,LTE_2.1G,15,KBS_JeonJu_LTE_2.1G.csv,MBC_sa_LTE_2.1G.csv,82.6347,9.0904,6.7543
alpha0.5_beta0.3_hd64_layer2_LTE_2.1G,beta_sweep,True,0.5,0.3,64,2,LTE_2.1G,15,KBS_JeonJu_LTE_2.1G.csv,KBS_KangNeung_LTE_2.1G.csv,86.3158,9.2906,6.3570
alpha0.5_beta0.3_hd64_layer2_LTE_2.1G,beta_sweep,True,0.5,0.3,64,2,LTE_2.1G,15,KBS_JeonJu_LTE_2.1G.csv,MBC_KangNeung_LTE_2.1G.csv,61.2785,7.8281,5.4402
alpha0.5_beta0.3_hd64_layer2_LTE_2.1G,beta_sweep,True,0.5,0.3,64,2,LTE_2.1G,15,KBS_JeonJu_LTE_2.1G.csv,TBN_DaeGu_LTE_2.1G.csv,93.6636,9.6780,6.9231
alpha0.5_beta0.3_hd64_layer2_LTE_2.1G,beta_sweep,True,0.5,0.3,64,2,LTE_2.1G,15,KBS_JeonJu_LTE_2.1G.csv,TBC_DaeGu_LTE_2.1G.csv,92.5491,9.6202,6.9817
alpha0.5_beta0.3_hd64_layer2_LTE_2.1G,beta_sweep,True,0.5,0.3,64,2,LTE_2.1G,15,KBS_JeonJu_LTE_2.1G.csv,JeonJu_Radio_LTE_2.1G.csv,76.0431,8.7203,6.5079
alpha0.5_beta0.3_hd64_layer2_LTE_2.1G,beta_sweep,True,0.5,0.3,64,2,LTE_2.1G,15,KBS_JeonJu_LTE_2.1G.csv,KBS_JeonJu_LTE_2.1G.csv,73.0635,8.5477,6.4470
alpha0.5_beta0.3_hd64_layer2_LTE_2.1G,beta_sweep,True,0.5,0.3,64,2,LTE_2.1G,16,KBS_MokPo_LTE_2.1G.csv,MBC_CheongJu_LTE_2.1G.csv,60.3161,7.7663,6.0700
alpha0.5_beta0.3_hd64_layer2_LTE_2.1G,beta_sweep,True,0.5,0.3,64,2,LTE_2.1G,16,KBS_MokPo_LTE_2.1G.csv,Broad_CheongJu_LTE_2.1G.csv,67.6984,8.2279,6.3985
alpha0.5_beta0.3_hd64_layer2_LTE_2.1G,beta_sweep,True,0.5,0.3,64,2,LTE_2.1G,16,KBS_MokPo_LTE_2.1G.csv,MBC_DaeJeon_LTE_2.1G.csv,84.2392,9.1782,7.3361
alpha0.5_beta0.3_hd64_layer2_LTE_2.1G,beta_sweep,True,0.5,0.3,64,2,LTE_2.1G,16,KBS_MokPo_LTE_2.1G.csv,KBS_DaeJeon_LTE_2.1G.csv,69.4121,8.3314,6.5416
alpha0.5_beta0.3_hd64_layer2_LTE_2.1G,beta_sweep,True,0.5,0.3,64,2,LTE_2.1G,16,KBS_MokPo_LTE_2.1G.csv,CMB_DaeJeon_LTE_2.1G.csv,69.3973,8.3305,6.4391
alpha0.5_beta0.3_hd64_layer2_LTE_2.1G,beta_sweep,True,0.5,0.3,64,2,LTE_2.1G,16,KBS_MokPo_LTE_2.1G.csv,MBC_ChungJu_LTE_2.1G.csv,117.4632,10.8380,8.0631
alpha0.5_beta0.3_hd64_layer2_LTE_2.1G,beta_sweep,True,0.5,0.3,64,2,LTE_2.1G,16,KBS_MokPo_LTE_2.1G.csv,KBS_ChungJu_LTE_2.1G.csv,131.3386,11.4603,8.2895
alpha0.5_beta0.3_hd64_layer2_LTE_2.1G,beta_sweep,True,0.5,0.3,64,2,LTE_2.1G,16,KBS_MokPo_LTE_2.1G.csv,KBS_main_LTE_2.1G.csv,43.7802,6.6167,4.9479
alpha0.5_beta0.3_hd64_layer2_LTE_2.1G,beta_sweep,True,0.5,0.3,64,2,LTE_2.1G,16,KBS_MokPo_LTE_2.1G.csv,SBS_LTE_2.1G.csv,42.8044,6.5425,4.8913
alpha0.5_beta0.3_hd64_layer2_LTE_2.1G,beta_sweep,True,0.5,0.3,64,2,LTE_2.1G,16,KBS_MokPo_LTE_2.1G.csv,MBC_sa_LTE_2.1G.csv,83.4816,9.1368,6.8367
alpha0.5_beta0.3_hd64_layer2_LTE_2.1G,beta_sweep,True,0.5,0.3,64,2,LTE_2.1G,16,KBS_MokPo_LTE_2.1G.csv,KBS_KangNeung_LTE_2.1G.csv,91.8015,9.5813,6.6540
alpha0.5_beta0.3_hd64_layer2_LTE_2.1G,beta_sweep,True,0.5,0.3,64,2,LTE_2.1G,16,KBS_MokPo_LTE_2.1G.csv,MBC_KangNeung_LTE_2.1G.csv,62.8076,7.9251,5.1039
alpha0.5_beta0.3_hd64_layer2_LTE_2.1G,beta_sweep,True,0.5,0.3,64,2,LTE_2.1G,16,KBS_MokPo_LTE_2.1G.csv,TBN_DaeGu_LTE_2.1G.csv,96.3757,9.8171,7.0045
alpha0.5_beta0.3_hd64_layer2_LTE_2.1G,beta_sweep,True,0.5,0.3,64,2,LTE_2.1G,16,KBS_MokPo_LTE_2.1G.csv,TBC_DaeGu_LTE_2.1G.csv,95.9960,9.7978,7.1531
alpha0.5_beta0.3_hd64_layer2_LTE_2.1G,beta_sweep,True,0.5,0.3,64,2,LTE_2.1G,16,KBS_MokPo_LTE_2.1G.csv,JeonJu_Radio_LTE_2.1G.csv,82.3663,9.0756,6.6963
alpha0.5_beta0.3_hd64_layer2_LTE_2.1G,beta_sweep,True,0.5,0.3,64,2,LTE_2.1G,16,KBS_MokPo_LTE_2.1G.csv,KBS_JeonJu_LTE_2.1G.csv,75.1432,8.6685,6.5750
alpha0.5_beta0.3_hd64_layer2_LTE_2.1G,beta_sweep,True,0.5,0.3,64,2,LTE_2.1G,16,KBS_MokPo_LTE_2.1G.csv,KBS_MokPo_LTE_2.1G.csv,49.2774,7.0198,5.3053
alpha0.5_beta0.3_hd64_layer2_LTE_2.1G,beta_sweep,True,0.5,0.3,64,2,LTE_2.1G,17,KBS_SunCheon_LTE_2.1G.csv,MBC_CheongJu_LTE_2.1G.csv,74.6457,8.6398,7.1359
alpha0.5_beta0.3_hd64_layer2_LTE_2.1G,beta_sweep,True,0.5,0.3,64,2,LTE_2.1G,17,KBS_SunCheon_LTE_2.1G.csv,Broad_CheongJu_LTE_2.1G.csv,73.3196,8.5627,6.9472
alpha0.5_beta0.3_hd64_layer2_LTE_2.1G,beta_sweep,True,0.5,0.3,64,2,LTE_2.1G,17,KBS_SunCheon_LTE_2.1G.csv,MBC_DaeJeon_LTE_2.1G.csv,80.0635,8.9478,7.3584
alpha0.5_beta0.3_hd64_layer2_LTE_2.1G,beta_sweep,True,0.5,0.3,64,2,LTE_2.1G,17,KBS_SunCheon_LTE_2.1G.csv,KBS_DaeJeon_LTE_2.1G.csv,71.4734,8.4542,6.9132
alpha0.5_beta0.3_hd64_layer2_LTE_2.1G,beta_sweep,True,0.5,0.3,64,2,LTE_2.1G,17,KBS_SunCheon_LTE_2.1G.csv,CMB_DaeJeon_LTE_2.1G.csv,74.8953,8.6542,6.9765
alpha0.5_beta0.3_hd64_layer2_LTE_2.1G,beta_sweep,True,0.5,0.3,64,2,LTE_2.1G,17,KBS_SunCheon_LTE_2.1G.csv,MBC_ChungJu_LTE_2.1G.csv,104.3959,10.2174,7.8723
alpha0.5_beta0.3_hd64_layer2_LTE_2.1G,beta_sweep,True,0.5,0.3,64,2,LTE_2.1G,17,KBS_SunCheon_LTE_2.1G.csv,KBS_ChungJu_LTE_2.1G.csv,119.1946,10.9176,8.0524
alpha0.5_beta0.3_hd64_layer2_LTE_2.1G,beta_sweep,True,0.5,0.3,64,2,LTE_2.1G,17,KBS_SunCheon_LTE_2.1G.csv,KBS_main_LTE_2.1G.csv,54.8725,7.4076,5.7083
alpha0.5_beta0.3_hd64_layer2_LTE_2.1G,beta_sweep,True,0.5,0.3,64,2,LTE_2.1G,17,KBS_SunCheon_LTE_2.1G.csv,SBS_LTE_2.1G.csv,53.3314,7.3028,5.6089
alpha0.5_beta0.3_hd64_layer2_LTE_2.1G,beta_sweep,True,0.5,0.3,64,2,LTE_2.1G,17,KBS_SunCheon_LTE_2.1G.csv,MBC_sa_LTE_2.1G.csv,85.6797,9.2563,7.0941
alpha0.5_beta0.3_hd64_layer2_LTE_2.1G,beta_sweep,True,0.5,0.3,64,2,LTE_2.1G,17,KBS_SunCheon_LTE_2.1G.csv,KBS_KangNeung_LTE_2.1G.csv,84.5170,9.1933,6.4303
alpha0.5_beta0.3_hd64_layer2_LTE_2.1G,beta_sweep,True,0.5,0.3,64,2,LTE_2.1G,17,KBS_SunCheon_LTE_2.1G.csv,MBC_KangNeung_LTE_2.1G.csv,64.9816,8.0611,6.1940
alpha0.5_beta0.3_hd64_layer2_LTE_2.1G,beta_sweep,True,0.5,0.3,64,2,LTE_2.1G,17,KBS_SunCheon_LTE_2.1G.csv,TBN_DaeGu_LTE_2.1G.csv,99.3260,9.9662,7.3952
alpha0.5_beta0.3_hd64_layer2_LTE_2.1G,beta_sweep,True,0.5,0.3,64,2,LTE_2.1G,17,KBS_SunCheon_LTE_2.1G.csv,TBC_DaeGu_LTE_2.1G.csv,94.1415,9.7027,7.3777
alpha0.5_beta0.3_hd64_layer2_LTE_2.1G,beta_sweep,True,0.5,0.3,64,2,LTE_2.1G,17,KBS_SunCheon_LTE_2.1G.csv,JeonJu_Radio_LTE_2.1G.csv,84.4440,9.1893,7.2404
alpha0.5_beta0.3_hd64_layer2_LTE_2.1G,beta_sweep,True,0.5,0.3,64,2,LTE_2.1G,17,KBS_SunCheon_LTE_2.1G.csv,KBS_JeonJu_LTE_2.1G.csv,78.3694,8.8527,6.9972
alpha0.5_beta0.3_hd64_layer2_LTE_2.1G,beta_sweep,True,0.5,0.3,64,2,LTE_2.1G,17,KBS_SunCheon_LTE_2.1G.csv,KBS_MokPo_LTE_2.1G.csv,73.5667,8.5771,6.9798
alpha0.5_beta0.3_hd64_layer2_LTE_2.1G,beta_sweep,True,0.5,0.3,64,2,LTE_2.1G,17,KBS_SunCheon_LTE_2.1G.csv,KBS_SunCheon_LTE_2.1G.csv,175.6442,13.2531,10.0161
alpha0.5_beta0.3_hd64_layer2_LTE_2.1G,beta_sweep,True,0.5,0.3,64,2,LTE_2.1G,18,KBS_GwangJu_LTE_2.1G.csv,MBC_CheongJu_LTE_2.1G.csv,57.6900,7.5954,5.8720
alpha0.5_beta0.3_hd64_layer2_LTE_2.1G,beta_sweep,True,0.5,0.3,64,2,LTE_2.1G,18,KBS_GwangJu_LTE_2.1G.csv,Broad_CheongJu_LTE_2.1G.csv,65.3747,8.0855,6.2332
alpha0.5_beta0.3_hd64_layer2_LTE_2.1G,beta_sweep,True,0.5,0.3,64,2,LTE_2.1G,18,KBS_GwangJu_LTE_2.1G.csv,MBC_DaeJeon_LTE_2.1G.csv,82.2040,9.0666,7.1974
alpha0.5_beta0.3_hd64_layer2_LTE_2.1G,beta_sweep,True,0.5,0.3,64,2,LTE_2.1G,18,KBS_GwangJu_LTE_2.1G.csv,KBS_DaeJeon_LTE_2.1G.csv,65.9850,8.1231,6.3252
alpha0.5_beta0.3_hd64_layer2_LTE_2.1G,beta_sweep,True,0.5,0.3,64,2,LTE_2.1G,18,KBS_GwangJu_LTE_2.1G.csv,CMB_DaeJeon_LTE_2.1G.csv,66.6671,8.1650,6.2450
alpha0.5_beta0.3_hd64_layer2_LTE_2.1G,beta_sweep,True,0.5,0.3,64,2,LTE_2.1G,18,KBS_GwangJu_LTE_2.1G.csv,MBC_ChungJu_LTE_2.1G.csv,116.0838,10.7742,7.8974
alpha0.5_beta0.3_hd64_layer2_LTE_2.1G,beta_sweep,True,0.5,0.3,64,2,LTE_2.1G,18,KBS_GwangJu_LTE_2.1G.csv,KBS_ChungJu_LTE_2.1G.csv,130.3966,11.4191,8.0697
alpha0.5_beta0.3_hd64_layer2_LTE_2.1G,beta_sweep,True,0.5,0.3,64,2,LTE_2.1G,18,KBS_GwangJu_LTE_2.1G.csv,KBS_main_LTE_2.1G.csv,44.0697,6.6385,4.9301
alpha0.5_beta0.3_hd64_layer2_LTE_2.1G,beta_sweep,True,0.5,0.3,64,2,LTE_2.1G,18,KBS_GwangJu_LTE_2.1G.csv,SBS_LTE_2.1G.csv,43.1286,6.5672,4.8523
alpha0.5_beta0.3_hd64_layer2_LTE_2.1G,beta_sweep,True,0.5,0.3,64,2,LTE_2.1G,18,KBS_GwangJu_LTE_2.1G.csv,MBC_sa_LTE_2.1G.csv,84.0917,9.1702,6.7705
alpha0.5_beta0.3_hd64_layer2_LTE_2.1G,beta_sweep,True,0.5,0.3,64,2,LTE_2.1G,18,KBS_GwangJu_LTE_2.1G.csv,KBS_KangNeung_LTE_2.1G.csv,90.4966,9.5130,6.3883
alpha0.5_beta0.3_hd64_layer2_LTE_2.1G,beta_sweep,True,0.5,0.3,64,2,LTE_2.1G,18,KBS_GwangJu_LTE_2.1G.csv,MBC_KangNeung_LTE_2.1G.csv,60.0965,7.7522,5.0929
alpha0.5_beta0.3_hd64_layer2_LTE_2.1G,beta_sweep,True,0.5,0.3,64,2,LTE_2.1G,18,KBS_GwangJu_LTE_2.1G.csv,TBN_DaeGu_LTE_2.1G.csv,95.6139,9.7782,6.8185
alpha0.5_beta0.3_hd64_layer2_LTE_2.1G,beta_sweep,True,0.5,0.3,64,2,LTE_2.1G,18,KBS_GwangJu_LTE_2.1G.csv,TBC_DaeGu_LTE_2.1G.csv,94.5313,9.7227,6.9374
alpha0.5_beta0.3_hd64_layer2_LTE_2.1G,beta_sweep,True,0.5,0.3,64,2,LTE_2.1G,18,KBS_GwangJu_LTE_2.1G.csv,JeonJu_Radio_LTE_2.1G.csv,79.3593,8.9084,6.5516
alpha0.5_beta0.3_hd64_layer2_LTE_2.1G,beta_sweep,True,0.5,0.3,64,2,LTE_2.1G,18,KBS_GwangJu_LTE_2.1G.csv,KBS_JeonJu_LTE_2.1G.csv,73.9100,8.5971,6.3306
alpha0.5_beta0.3_hd64_layer2_LTE_2.1G,beta_sweep,True,0.5,0.3,64,2,LTE_2.1G,18,KBS_GwangJu_LTE_2.1G.csv,KBS_MokPo_LTE_2.1G.csv,60.0092,7.7466,6.0746
alpha0.5_beta0.3_hd64_layer2_LTE_2.1G,beta_sweep,True,0.5,0.3,64,2,LTE_2.1G,18,KBS_GwangJu_LTE_2.1G.csv,KBS_SunCheon_LTE_2.1G.csv,200.3619,14.1549,10.2903
alpha0.5_beta0.3_hd64_layer2_LTE_2.1G,beta_sweep,True,0.5,0.3,64,2,LTE_2.1G,18,KBS_GwangJu_LTE_2.1G.csv,KBS_GwangJu_LTE_2.1G.csv,56.4155,7.5110,5.6102
